{"stats":{"minecraft:custom":{"minecraft:blood":0,"minecraft:mob_kills":2,"minecraft:dexterity":1,"minecraft:intelligence":1,"minecraft:move_speed":0,"minecraft:open_barrel":1,"minecraft:time_since_death":5575,"minecraft:climb_one_cm":3277,"minecraft:mana":60,"minecraft:time_since_rest":3176,"minecraft:magic_shield":0,"minecraft:sprint_one_cm":36435,"minecraft:damage_absorbed":683,"minecraft:damage_taken":569,"minecraft:walk_one_cm":57036,"minecraft:drop":39,"minecraft:damage_dealt":1004,"minecraft:health":70,"minecraft:swim_one_cm":5847,"minecraft:fly_one_cm":136832,"minecraft:crouch_one_cm":857,"minecraft:play_time":39844,"tombstone:undead_killed":1,"minecraft:deaths":1,"minecraft:sneak_time":604,"minecraft:walk_under_water_one_cm":6199,"minecraft:jump":94,"minecraft:energy":60,"minecraft:walk_on_water_one_cm":7409,"minecraft:strength":0,"minecraft:total_world_time":39844,"minecraft:fall_one_cm":3531},"minecraft:used":{"sculkhorde:sculk_mite_spawn_egg":1,"boh:ben_drowned_spawn_egg":2,"endrem:cryptic_eye":1,"boh:sonic_exe_spawn_egg":2,"sculkhorde:sculk_witch_spawn_egg":2,"sculkhorde:infested_red_sand":34,"minecraft:wither_skeleton_skull":1,"sculkhorde:sculk_hatcher_spawn_egg":1,"artifacts:eternal_steak":1,"boh:specimen_9_boss_spawn_egg":1,"simpleplanes:helicopter":1,"specialmobs:hellfireblaze_spawn_egg":1,"rats:ratlantis_sword":32,"minecraft:dirt":11,"boh:gray_alien_spawn_egg":1,"witherstormmod:formidibomb":1,"boh:big_daddy_spawn_egg":1,"endrem:witch_eye":1,"boh:deer_spawn_egg":2,"sculkhorde:sculk_salmon_spawn_egg":1,"sculkhorde:sculk_enderman_spawn_egg":1,"sculkhorde:sculk_pufferfish_spawn_egg":2,"boh:xenomorph_spawn_egg":1,"boh:jason_voorhees_spawn_egg":1,"boh:sadako_spawn_egg":2,"boh:goji_spawn_egg":1,"minecraft:spruce_trapdoor":2,"boh:gold_lost_spawn_egg":1,"sculkhorde:sculk_squid_spawn_egg":2,"sculkhorde:sculk_ancient_node":1,"specialmobs:knightzombifiedpiglin_spawn_egg":1,"boh:saucer_spawn_egg":2,"boh:gaster_spawn_egg":2,"boh:little_sister_spawn_egg":1,"mmorpg:weapon/staff/wood":18,"boh:krampus_spawn_egg":2,"endrem:black_eye":2,"boh:michael_myers_spawn_egg":1,"sculkhorde:sculk_creeper_spawn_egg":2,"boh:jeff_the_killer_spawn_egg":2,"specialmobs:doomcreeper_spawn_egg":1,"boh:smile_dog_spawn_egg":1,"boh:book_simon_spawn_egg":1,"alexsmobs:animal_dictionary":3,"boh:fresno_nightwalker_spawn_egg":2,"simpleplanes:cargo_plane":1,"boh:slender_man_spawn_egg":2,"boh:rat_spawn_egg":2,"sculkhorde:sculk_spore_spewer_spawn_egg":6,"sculkhorde:sculk_vindicator_spawn_egg":2},"minecraft:dropped":{"minecraft:wheat_seeds":1,"minecraft:oak_log":5,"boh:specimen_9_boss_spawn_egg":1,"endrem:cryptic_eye":1,"minecraft:oak_sign":1,"supplementaries:flax_seeds":1,"minecraft:dirt":29,"tombstone:grave_key":1,"simpleplanes:cargo_plane":1,"minecraft:wither_rose":1,"minecraft:sand":1},"minecraft:mined":{"minecraft:grass":2,"minecraft:wither_skeleton_skull":1,"minecraft:oak_leaves":2},"minecraft:picked_up":{"minecraft:wither_rose":2,"minecraft:oak_log":5,"supplementaries:flax_seeds":1,"minecraft:wither_skeleton_skull":1,"minecraft:dirt":70,"minecraft:oak_sign":1,"minecraft:wheat_seeds":1,"minecraft:spruce_trapdoor":2,"minecraft:stick":2,"minecraft:sand":1,"minecraft:coal":1},"minecraft:killed":{"enemyexpansion:direwolf":1,"specialmobs:zombie":1}},"DataVersion":3465}