{"stats":{"minecraft:killed_by":{"specialmobs:skeleton":2,"rats:rat":1},"minecraft:mined":{"iceandfire:silver_ore":1,"minecraft:mossy_cobblestone":10,"minecraft:redstone_torch":1,"quark:green_corundum":1,"minecraft:oak_log":4,"minecraft:stone":17,"minecraft:oak_leaves":1},"minecraft:used":{"minecraft:stone_sword":7,"minecraft:bread":5,"minecraft:stone_pickaxe":18,"minecraft:iron_helmet":1,"minecraft:wooden_pickaxe":12,"quark:green_corundum":1,"minecraft:stone_axe":1,"minecraft:mossy_cobblestone":10,"minecraft:cobblestone":8,"tombstone:gift":1,"alexsmobs:animal_dictionary":1},"minecraft:crafted":{"minecraft:oak_planks":16,"minecraft:stick":4},"minecraft:custom":{"minecraft:time_since_rest":1,"minecraft:sprint_one_cm":76782,"minecraft:walk_one_cm":49869,"minecraft:damage_taken":1023,"minecraft:mob_kills":2,"minecraft:drop":10,"minecraft:damage_dealt":435,"minecraft:interact_with_crafting_table":6,"minecraft:swim_one_cm":1326,"minecraft:fly_one_cm":50632,"minecraft:open_chest":2,"minecraft:crouch_one_cm":3278,"minecraft:play_time":22455,"minecraft:deaths":3,"minecraft:sneak_time":978,"minecraft:walk_under_water_one_cm":6047,"minecraft:jump":259,"minecraft:time_since_death":379,"minecraft:walk_on_water_one_cm":11326,"minecraft:climb_one_cm":1229,"minecraft:total_world_time":22455,"minecraft:fall_one_cm":8704},"minecraft:picked_up":{"minecraft:oak_log":4,"rats:rat_pelt":2,"minecraft:shield":1,"rats:raw_rat":1,"quark:green_corundum":1,"minecraft:mossy_cobblestone":11,"minecraft:stone_sword":2,"minecraft:stone_axe":1,"minecraft:iron_helmet":1,"rats:cooked_rat":1,"minecraft:bread":7,"iceandfire:raw_silver":1,"minecraft:cobblestone":16},"minecraft:dropped":{"minecraft:bread":1,"minecraft:dirt":12,"minecraft:stone_axe":1,"minecraft:stone_sword":2,"alexsmobs:animal_dictionary":1,"minecraft:mossy_cobblestone":1,"rats:rat_pelt":1,"minecraft:oak_planks":2,"minecraft:wooden_pickaxe":1},"minecraft:killed":{"enemyexpansion:direwolf":1,"rats:rat":1}},"DataVersion":3465}