{"stats":{"minecraft:dropped":{"minecraft:bread":2,"minecraft:dirt":2,"minecraft:potato":5,"alexsmobs:animal_dictionary":1,"minecraft:stone_pickaxe":1,"minecraft:wooden_pickaxe":2},"minecraft:picked_up":{"minecraft:torch":1,"minecraft:wooden_pickaxe":1,"minecraft:potato":2,"mmorpg:weapon/staff/wood":1,"minecraft:spruce_log":7,"minecraft:spectral_arrow":1,"alexsmobs:animal_dictionary":1,"minecraft:dirt":2,"minecraft:bone":3,"minecraft:stone_axe":1,"minecraft:bow":1,"minecraft:spruce_planks":23,"minecraft:stone_pickaxe":1,"minecraft:coal":29,"minecraft:cobblestone":27},"minecraft:crafted":{"minecraft:spruce_planks":28,"minecraft:stick":8,"minecraft:baked_potato":2,"minecraft:wooden_pickaxe":1,"minecraft:stone_pickaxe":2,"minecraft:stone_sword":1,"minecraft:furnace":1},"minecraft:killed_by":{"minecraft:player":1},"minecraft:killed":{"specialmobs:sniperskeleton":1,"specialmobs:spider":1},"minecraft:mined":{"minecraft:spruce_log":6,"minecraft:grass":1,"minecraft:grass_block":2,"minecraft:potatoes":1,"minecraft:coal_ore":30,"minecraft:dirt":1,"minecraft:spruce_leaves":2,"minecraft:stone":22},"minecraft:used":{"minecraft:stone_sword":3,"minecraft:stone_pickaxe":28,"minecraft:wooden_pickaxe":24,"minecraft:stone_axe":13,"minecraft:furnace":1,"alexsmobs:animal_dictionary":1},"minecraft:custom":{"minecraft:time_since_rest":3328,"minecraft:blood":0,"minecraft:magic_shield":0,"minecraft:interact_with_furnace":2,"minecraft:walk_one_cm":87207,"minecraft:sprint_one_cm":76543,"minecraft:damage_taken":689,"minecraft:damage_absorbed":179,"minecraft:mob_kills":2,"minecraft:drop":10,"minecraft:dexterity":0,"minecraft:intelligence":0,"minecraft:damage_dealt":652,"minecraft:health":70,"minecraft:move_speed":0,"minecraft:talked_to_villager":2,"minecraft:swim_one_cm":13329,"minecraft:interact_with_crafting_table":8,"minecraft:fly_one_cm":19079,"minecraft:open_chest":1,"minecraft:crouch_one_cm":683,"minecraft:play_time":24916,"minecraft:deaths":1,"minecraft:sneak_time":193,"minecraft:walk_under_water_one_cm":2603,"minecraft:jump":111,"minecraft:interact_with_grindstone":1,"minecraft:energy":50,"minecraft:walk_on_water_one_cm":6913,"minecraft:leave_game":4,"minecraft:time_since_death":3247,"minecraft:strength":0,"minecraft:total_world_time":24916,"minecraft:fall_one_cm":3220,"minecraft:mana":50}},"DataVersion":3465}