{"stats":{"minecraft:custom":{"minecraft:time_since_rest":3844,"minecraft:blood":0,"minecraft:magic_shield":0,"minecraft:damage_absorbed":10,"minecraft:play_time":3844,"minecraft:sprint_one_cm":16301,"tombstone:undead_killed":1,"minecraft:damage_taken":67,"minecraft:walk_one_cm":10291,"minecraft:sneak_time":75,"minecraft:walk_under_water_one_cm":83,"minecraft:mob_kills":2,"minecraft:dexterity":1,"minecraft:jump":37,"minecraft:intelligence":1,"minecraft:energy":60,"minecraft:damage_dealt":364,"minecraft:walk_on_water_one_cm":4436,"minecraft:health":70,"minecraft:time_since_death":3844,"minecraft:move_speed":0,"minecraft:strength":0,"minecraft:total_world_time":3844,"minecraft:mana":60,"minecraft:fall_one_cm":753,"minecraft:fly_one_cm":7904},"minecraft:used":{"mmorpg:weapon/staff/wood":18,"alexsmobs:animal_dictionary":1},"minecraft:mined":{"minecraft:oak_leaves":1},"minecraft:picked_up":{"minecraft:stick":2},"minecraft:killed":{"enemyexpansion:direwolf":1,"specialmobs:zombie":1}},"DataVersion":3465}