{"stats":{"minecraft:killed_by":{"specialmobs:zombie":8,"iceandfire:ice_dragon":7,"specialmobs:skeleton":3,"iceandfire:ghost":1,"rats:rat":1,"rats:rat_protector":1},"minecraft:mined":{"minecraft:spruce_planks":17,"iceandfire:silver_ore":1,"minecraft:mossy_cobblestone":10,"minecraft:grass_block":1,"minecraft:cobblestone":2,"minecraft:spruce_leaves":5,"minecraft:large_fern":3,"minecraft:redstone_torch":1,"minecraft:spruce_log":6,"quark:green_corundum":1,"minecraft:mangrove_planks":1,"minecraft:oak_log":4,"minecraft:cyan_carpet":3,"minecraft:stripped_mangrove_wood":9,"minecraft:stone":27,"minecraft:player_head":1,"minecraft:oak_leaves":1,"minecraft:fern":1},"minecraft:used":{"minecraft:dark_oak_stairs":2,"minecraft:stone_sword":63,"rats:archeologist_hat":1,"simplyswords:gold_glaive":36,"minecraft:mangrove_planks":8,"minecraft:stone_pickaxe":31,"minecraft:oak_planks":9,"minecraft:spruce_planks":20,"minecraft:leather_chestplate":1,"minecraft:wooden_pickaxe":12,"minecraft:shield":17,"minecraft:rotten_flesh":5,"minecraft:iron_chestplate":1,"rats:ratlantis_sword":9,"minecraft:mossy_cobblestone":10,"minecraft:dirt":1,"minecraft:mushroom_stew":3,"minecraft:carrot":5,"minecraft:cake":1,"minecraft:cyan_bed":1,"minecraft:bread":7,"tombstone:magic_scroll":1,"minecraft:iron_helmet":1,"tombstone:grave_key":2,"minecraft:spruce_sapling":1,"minecraft:tripwire_hook":1,"minecraft:item_frame":2,"quark:green_corundum":1,"minecraft:stone_axe":36,"minecraft:cobblestone":16,"minecraft:potion":3,"minecraft:cooked_cod":1,"minecraft:cooked_porkchop":1,"minecraft:pumpkin_pie":3,"tombstone:gift":6,"alexsmobs:animal_dictionary":1},"minecraft:crafted":{"minecraft:cooked_cod":1,"minecraft:oak_planks":16,"minecraft:spruce_planks":8,"minecraft:mangrove_planks":16,"minecraft:air":0,"minecraft:stick":4},"minecraft:broken":{"simplyswords:gold_glaive":1},"minecraft:custom":{"minecraft:interact_with_furnace":1,"minecraft:mob_kills":21,"minecraft:tune_noteblock":2,"minecraft:interact_with_crafting_table":6,"minecraft:open_barrel":5,"minecraft:eat_cake_slice":3,"minecraft:time_since_death":8279,"minecraft:climb_one_cm":3624,"minecraft:time_since_rest":8024,"minecraft:sprint_one_cm":229559,"minecraft:damage_taken":7049,"minecraft:walk_one_cm":200669,"minecraft:damage_blocked_by_shield":525,"minecraft:trigger_trapped_chest":1,"minecraft:drop":62,"minecraft:damage_dealt":4170,"minecraft:talked_to_villager":1,"minecraft:player_kills":1,"minecraft:swim_one_cm":5606,"minecraft:fly_one_cm":111798,"minecraft:open_chest":13,"minecraft:crouch_one_cm":11475,"minecraft:play_time":76455,"tombstone:undead_killed":12,"minecraft:deaths":21,"minecraft:sneak_time":4348,"minecraft:walk_under_water_one_cm":8722,"minecraft:jump":788,"minecraft:walk_on_water_one_cm":15578,"minecraft:total_world_time":76455,"minecraft:fall_one_cm":15782},"minecraft:dropped":{"minecraft:bread":1,"minecraft:stone_axe":1,"minecraft:dark_oak_stairs":2,"minecraft:stripped_mangrove_wood":5,"minecraft:stone_sword":2,"alexsmobs:animal_dictionary":1,"minecraft:glass_bottle":4,"minecraft:mossy_cobblestone":1,"minecraft:bowl":5,"rats:archeologist_hat":2,"minecraft:dark_oak_slab":2,"minecraft:cobblestone":2,"minecraft:rotten_flesh":7,"minecraft:oak_planks":2,"minecraft:mangrove_planks":9,"minecraft:stick":3,"minecraft:leather_chestplate":1,"minecraft:dirt":12,"minecraft:tipped_arrow":1,"minecraft:pumpkin_pie":3,"tombstone:grave_dust":2,"tombstone:essence_of_undeath":5,"rats:rat_pelt":1,"minecraft:wooden_pickaxe":1,"iceandfire:ice_dragon_blood":1,"rats:ratlantis_sword":1,"minecraft:dark_oak_planks":2,"minecraft:cyan_carpet":3,"minecraft:spruce_sapling":1,"minecraft:bone":4},"minecraft:picked_up":{"minecraft:polished_diorite_slab":1,"minecraft:iron_chestplate":1,"minecraft:tripwire_hook":1,"minecraft:mushroom_stew":1,"minecraft:enchanted_book":2,"minecraft:oak_log":4,"rats:rat_pelt":2,"minecraft:shield":1,"rats:raw_rat":1,"minecraft:dirt":1,"tombstone:gift":1,"minecraft:item_frame":2,"minecraft:cyan_carpet":3,"minecraft:wheat_seeds":1,"minecraft:spruce_planks":17,"minecraft:player_head":1,"minecraft:glass_bottle":2,"minecraft:mangrove_planks":1,"rats:archeologist_hat":3,"minecraft:dark_oak_stairs":3,"minecraft:tipped_arrow":2,"minecraft:stick":1,"minecraft:stripped_mangrove_wood":9,"minecraft:dark_oak_slab":2,"minecraft:cooked_porkchop":2,"minecraft:bowl":4,"minecraft:spruce_log":2,"minecraft:spruce_sapling":2,"tombstone:grave_dust":4,"minecraft:cyan_bed":1,"quark:green_corundum":1,"rats:ratlantis_sword":1,"minecraft:mossy_cobblestone":11,"minecraft:dark_oak_planks":2,"minecraft:stone_sword":3,"minecraft:mangrove_stairs":1,"minecraft:rotten_flesh":10,"tombstone:familiar_stone":1,"minecraft:stone_axe":1,"minecraft:pumpkin_pie":5,"minecraft:iron_helmet":1,"rats:cooked_rat":1,"tombstone:essence_of_undeath":5,"minecraft:bread":7,"tombstone:magic_scroll":2,"minecraft:melon_seeds":2,"iceandfire:raw_silver":1,"minecraft:cobblestone":28},"minecraft:killed":{"enemyexpansion:direwolf":1,"rats:rat":1,"specialmobs:skeleton":2,"iceandfire:ghost":1,"specialmobs:zombie":9}},"DataVersion":3465}