{"stats":{"minecraft:killed_by":{"specialmobs:skeleton":3,"enemyexpansion:huntsman":1,"specialmobs:zombie":8,"iceandfire:ice_dragon":7,"iceandfire:ghost":1,"rats:rat":1,"rats:rat_protector":1},"minecraft:used":{"minecraft:stone_sword":66,"minecraft:spruce_planks":25,"minecraft:shield":17,"minecraft:rotten_flesh":5,"minecraft:iron_chestplate":1,"minecraft:dirt":2,"minecraft:carrot":8,"minecraft:iron_helmet":1,"minecraft:item_frame":2,"minecraft:tripwire_hook":1,"minecraft:cooked_cod":1,"minecraft:polished_diorite_stairs":1,"tombstone:gift":6,"minecraft:dark_oak_stairs":2,"rats:archeologist_hat":1,"simplyswords:gold_glaive":36,"minecraft:oak_planks":9,"minecraft:stone_pickaxe":32,"minecraft:mangrove_planks":8,"minecraft:polished_diorite_slab":1,"minecraft:wooden_pickaxe":12,"minecraft:leather_chestplate":1,"rats:ratlantis_sword":9,"minecraft:mossy_cobblestone":10,"minecraft:mushroom_stew":3,"alexscaves:curly_fern":2,"minecraft:cake":1,"minecraft:bread":7,"minecraft:cyan_bed":1,"tombstone:magic_scroll":1,"tombstone:grave_key":2,"minecraft:spruce_sapling":2,"quark:green_corundum":1,"minecraft:stone_axe":36,"minecraft:cobblestone":16,"minecraft:potion":3,"minecraft:cooked_porkchop":1,"minecraft:pumpkin_pie":3,"alexsmobs:animal_dictionary":1},"minecraft:mined":{"minecraft:spruce_planks":17,"iceandfire:silver_ore":1,"minecraft:mossy_cobblestone":10,"minecraft:grass_block":2,"minecraft:spruce_leaves":10,"minecraft:large_fern":3,"alexscaves:curly_fern":1,"minecraft:stone":27,"minecraft:stripped_mangrove_wood":9,"minecraft:player_head":1,"minecraft:cobblestone":2,"minecraft:polished_diorite_stairs":1,"minecraft:redstone_torch":1,"minecraft:spruce_log":6,"quark:green_corundum":1,"minecraft:mangrove_planks":1,"minecraft:oak_log":4,"minecraft:cyan_carpet":3,"minecraft:oak_leaves":1,"minecraft:fern":1},"minecraft:crafted":{"minecraft:oak_planks":16,"minecraft:cooked_cod":1,"minecraft:spruce_planks":8,"minecraft:mangrove_planks":16,"minecraft:air":0,"minecraft:stick":4},"minecraft:broken":{"simplyswords:gold_glaive":1},"minecraft:custom":{"minecraft:mob_kills":21,"minecraft:interact_with_crafting_table":6,"minecraft:open_barrel":5,"minecraft:eat_cake_slice":3,"minecraft:time_since_death":5873,"minecraft:climb_one_cm":3764,"minecraft:sprint_one_cm":263539,"minecraft:walk_one_cm":219011,"minecraft:damage_blocked_by_shield":525,"minecraft:drop":65,"minecraft:talked_to_villager":1,"minecraft:play_time":82455,"minecraft:deaths":22,"minecraft:sneak_time":4759,"minecraft:walk_under_water_one_cm":9923,"minecraft:jump":1016,"minecraft:walk_on_water_one_cm":18166,"minecraft:total_world_time":82455,"minecraft:interact_with_furnace":1,"minecraft:tune_noteblock":2,"minecraft:time_since_rest":5543,"minecraft:damage_taken":7255,"minecraft:trigger_trapped_chest":1,"minecraft:damage_dealt":4320,"minecraft:swim_one_cm":5733,"minecraft:fly_one_cm":125955,"minecraft:player_kills":1,"minecraft:open_chest":14,"minecraft:crouch_one_cm":12282,"tombstone:undead_killed":12,"minecraft:fall_one_cm":19651},"minecraft:picked_up":{"minecraft:iron_chestplate":1,"boh:venison":1,"minecraft:enchanted_book":2,"minecraft:shield":1,"minecraft:item_frame":2,"minecraft:cyan_carpet":3,"minecraft:spruce_planks":17,"minecraft:player_head":1,"minecraft:tipped_arrow":2,"minecraft:stick":1,"minecraft:stripped_mangrove_wood":9,"minecraft:bowl":4,"tombstone:grave_dust":6,"minecraft:dark_oak_planks":2,"minecraft:stone_sword":3,"minecraft:mangrove_stairs":1,"minecraft:rotten_flesh":10,"minecraft:pumpkin_pie":5,"rats:cooked_rat":1,"tombstone:essence_of_undeath":5,"minecraft:cobblestone":28,"minecraft:polished_diorite_slab":1,"minecraft:tripwire_hook":1,"minecraft:leather":2,"minecraft:mushroom_stew":1,"minecraft:oak_log":4,"rats:rat_pelt":2,"rats:raw_rat":1,"minecraft:dirt":2,"tombstone:gift":1,"minecraft:wheat_seeds":2,"alexscaves:curly_fern":3,"minecraft:glass_bottle":2,"minecraft:mangrove_planks":1,"rats:archeologist_hat":3,"minecraft:dark_oak_stairs":3,"minecraft:dark_oak_slab":2,"minecraft:cooked_porkchop":2,"minecraft:spruce_sapling":3,"minecraft:spruce_log":2,"minecraft:cyan_bed":1,"quark:green_corundum":1,"minecraft:mossy_cobblestone":11,"rats:ratlantis_sword":1,"minecraft:polished_diorite_stairs":1,"tombstone:familiar_stone":1,"minecraft:stone_axe":1,"minecraft:iron_helmet":1,"minecraft:bread":7,"tombstone:magic_scroll":2,"minecraft:melon_seeds":2,"iceandfire:raw_silver":1},"minecraft:dropped":{"minecraft:bread":1,"minecraft:dark_oak_stairs":2,"minecraft:stripped_mangrove_wood":5,"minecraft:mossy_cobblestone":1,"minecraft:glass_bottle":4,"alexscaves:curly_fern":1,"rats:archeologist_hat":2,"minecraft:dark_oak_slab":2,"minecraft:cobblestone":2,"minecraft:leather":2,"minecraft:mangrove_planks":9,"minecraft:stick":3,"minecraft:dirt":12,"tombstone:grave_dust":2,"minecraft:pumpkin_pie":3,"minecraft:dark_oak_planks":2,"minecraft:cyan_carpet":3,"minecraft:spruce_sapling":1,"minecraft:bone":4,"minecraft:stone_axe":1,"alexsmobs:animal_dictionary":1,"minecraft:stone_sword":2,"minecraft:bowl":5,"minecraft:rotten_flesh":7,"minecraft:oak_planks":2,"minecraft:leather_chestplate":1,"minecraft:tipped_arrow":1,"rats:rat_pelt":1,"tombstone:essence_of_undeath":5,"minecraft:wooden_pickaxe":1,"iceandfire:ice_dragon_blood":1,"rats:ratlantis_sword":1},"minecraft:killed":{"enemyexpansion:direwolf":1,"specialmobs:skeleton":2,"specialmobs:zombie":9,"rats:rat":1,"iceandfire:ghost":1}},"DataVersion":3465}