{"stats":{"minecraft:used":{"minecraft:birch_planks":13,"minecraft:bread":3},"minecraft:custom":{"minecraft:time_since_rest":9513,"minecraft:open_chest":1,"minecraft:play_time":14044,"minecraft:interact_with_furnace":1,"minecraft:sprint_one_cm":7382,"minecraft:walk_one_cm":152812,"minecraft:damage_taken":764,"minecraft:deaths":1,"minecraft:drop":2,"minecraft:jump":100,"minecraft:leave_game":1,"minecraft:time_since_death":9456,"minecraft:total_world_time":14044,"minecraft:climb_one_cm":4542,"minecraft:tune_noteblock":1,"minecraft:fall_one_cm":5812,"minecraft:fly_one_cm":2279},"minecraft:dropped":{"untamedwilds:flora_hemlock":2},"minecraft:picked_up":{"untamedwilds:material_fat":3,"minecraft:birch_planks":14,"paraglider:spirit_orb":1,"untamedwilds:flora_hemlock":2,"minecraft:bread":12}},"DataVersion":2975}