{"stats":{"minecraft:custom":{"minecraft:time_since_rest":15844,"minecraft:blood":0,"minecraft:magic_shield":0,"minecraft:sprint_one_cm":32993,"minecraft:walk_one_cm":46655,"minecraft:damage_taken":569,"minecraft:damage_absorbed":683,"minecraft:mob_kills":2,"minecraft:drop":24,"minecraft:dexterity":1,"minecraft:intelligence":1,"minecraft:damage_dealt":832,"minecraft:health":70,"minecraft:move_speed":0,"minecraft:swim_one_cm":5847,"minecraft:fly_one_cm":45997,"minecraft:open_barrel":1,"minecraft:crouch_one_cm":806,"minecraft:play_time":15844,"tombstone:undead_killed":1,"minecraft:sneak_time":300,"minecraft:walk_under_water_one_cm":247,"minecraft:jump":75,"minecraft:energy":60,"minecraft:time_since_death":15844,"minecraft:walk_on_water_one_cm":6563,"minecraft:strength":0,"minecraft:total_world_time":15844,"minecraft:climb_one_cm":3277,"minecraft:fall_one_cm":3531,"minecraft:mana":60},"minecraft:used":{"minecraft:wither_skeleton_skull":1,"minecraft:spruce_trapdoor":2,"simpleplanes:helicopter":1,"mmorpg:weapon/staff/wood":18,"rats:ratlantis_sword":22,"minecraft:dirt":11,"alexsmobs:animal_dictionary":3,"simpleplanes:cargo_plane":1},"minecraft:dropped":{"minecraft:dirt":21,"supplementaries:flax_seeds":1,"minecraft:wheat_seeds":1,"minecraft:oak_sign":1},"minecraft:mined":{"minecraft:grass":2,"minecraft:wither_skeleton_skull":1,"minecraft:oak_leaves":2},"minecraft:picked_up":{"minecraft:stick":2,"supplementaries:flax_seeds":1,"minecraft:wither_skeleton_skull":1,"minecraft:dirt":32,"minecraft:oak_sign":1,"minecraft:wheat_seeds":1,"minecraft:spruce_trapdoor":2},"minecraft:killed":{"specialmobs:zombie":1,"enemyexpansion:direwolf":1}},"DataVersion":3465}