{"stats":{"minecraft:custom":{"minecraft:time_since_rest":27844,"minecraft:blood":0,"minecraft:magic_shield":0,"minecraft:sprint_one_cm":36435,"minecraft:walk_one_cm":56443,"minecraft:damage_taken":569,"minecraft:damage_absorbed":683,"minecraft:mob_kills":2,"minecraft:drop":28,"minecraft:dexterity":1,"minecraft:intelligence":1,"minecraft:damage_dealt":1004,"minecraft:health":70,"minecraft:move_speed":0,"minecraft:swim_one_cm":5847,"minecraft:fly_one_cm":84992,"minecraft:open_barrel":1,"minecraft:crouch_one_cm":857,"minecraft:play_time":27844,"tombstone:undead_killed":1,"minecraft:sneak_time":482,"minecraft:walk_under_water_one_cm":6199,"minecraft:jump":91,"minecraft:energy":60,"minecraft:time_since_death":27844,"minecraft:walk_on_water_one_cm":7409,"minecraft:strength":0,"minecraft:total_world_time":27844,"minecraft:climb_one_cm":3277,"minecraft:fall_one_cm":3531,"minecraft:mana":60},"minecraft:used":{"sculkhorde:sculk_salmon_spawn_egg":1,"sculkhorde:sculk_mite_spawn_egg":1,"boh:ben_drowned_spawn_egg":2,"boh:sonic_exe_spawn_egg":1,"sculkhorde:infested_red_sand":34,"sculkhorde:sculk_witch_spawn_egg":2,"sculkhorde:sculk_enderman_spawn_egg":1,"sculkhorde:sculk_pufferfish_spawn_egg":2,"boh:xenomorph_spawn_egg":1,"minecraft:wither_skeleton_skull":1,"sculkhorde:sculk_hatcher_spawn_egg":1,"boh:sadako_spawn_egg":1,"boh:specimen_9_boss_spawn_egg":1,"artifacts:eternal_steak":1,"minecraft:spruce_trapdoor":2,"sculkhorde:sculk_squid_spawn_egg":2,"sculkhorde:sculk_ancient_node":1,"simpleplanes:helicopter":1,"boh:gaster_spawn_egg":2,"mmorpg:weapon/staff/wood":18,"rats:ratlantis_sword":32,"boh:krampus_spawn_egg":1,"minecraft:dirt":11,"boh:jeff_the_killer_spawn_egg":2,"sculkhorde:sculk_creeper_spawn_egg":2,"boh:smile_dog_spawn_egg":1,"boh:book_simon_spawn_egg":1,"alexsmobs:animal_dictionary":3,"simpleplanes:cargo_plane":1,"boh:rat_spawn_egg":2,"sculkhorde:sculk_spore_spewer_spawn_egg":5,"sculkhorde:sculk_vindicator_spawn_egg":2,"boh:deer_spawn_egg":1},"minecraft:dropped":{"minecraft:dirt":21,"supplementaries:flax_seeds":1,"minecraft:wheat_seeds":1,"minecraft:oak_log":5,"simpleplanes:cargo_plane":1,"minecraft:wither_rose":1,"boh:specimen_9_boss_spawn_egg":1,"minecraft:oak_sign":1},"minecraft:mined":{"minecraft:grass":2,"minecraft:wither_skeleton_skull":1,"minecraft:oak_leaves":2},"minecraft:picked_up":{"minecraft:stick":2,"minecraft:wither_rose":2,"minecraft:oak_log":5,"supplementaries:flax_seeds":1,"minecraft:wither_skeleton_skull":1,"minecraft:dirt":62,"minecraft:oak_sign":1,"minecraft:wheat_seeds":1,"minecraft:spruce_trapdoor":2},"minecraft:killed":{"specialmobs:zombie":1,"enemyexpansion:direwolf":1}},"DataVersion":3465}