{"stats":{"minecraft:dropped":{"minecraft:potato":1},"minecraft:picked_up":{"minecraft:potato":2,"minecraft:spruce_log":1,"mmorpg:weapon/staff/wood":1},"minecraft:mined":{"minecraft:grass":1,"minecraft:potatoes":1,"minecraft:spruce_leaves":1},"minecraft:used":{"alexsmobs:animal_dictionary":1},"minecraft:custom":{"minecraft:time_since_rest":12916,"minecraft:blood":0,"minecraft:magic_shield":0,"minecraft:crouch_one_cm":683,"minecraft:play_time":12916,"minecraft:sprint_one_cm":52518,"minecraft:damage_absorbed":5,"minecraft:damage_taken":408,"minecraft:walk_one_cm":39093,"minecraft:sneak_time":193,"minecraft:walk_under_water_one_cm":567,"minecraft:drop":1,"minecraft:dexterity":0,"minecraft:jump":44,"minecraft:intelligence":0,"minecraft:energy":50,"minecraft:interact_with_grindstone":1,"minecraft:damage_dealt":109,"minecraft:leave_game":4,"minecraft:time_since_death":12916,"minecraft:health":70,"minecraft:walk_on_water_one_cm":4879,"minecraft:move_speed":0,"minecraft:strength":0,"minecraft:total_world_time":12916,"minecraft:interact_with_crafting_table":1,"minecraft:fly_one_cm":11205,"minecraft:swim_one_cm":13329,"minecraft:talked_to_villager":2,"minecraft:fall_one_cm":1555,"minecraft:mana":50}},"DataVersion":3465}