{"stats":{"minecraft:crafted":{"minecraft:crafting_table":1,"minecraft:spruce_planks":56,"minecraft:wooden_pickaxe":1,"minecraft:baked_potato":2,"minecraft:furnace":1,"minecraft:stone_axe":1,"minecraft:stick":16,"minecraft:stone_pickaxe":3,"minecraft:stone_sword":1},"minecraft:used":{"minecraft:stone_sword":46,"minecraft:wither_skeleton_skull":1,"minecraft:stone_pickaxe":28,"minecraft:baked_potato":1,"minecraft:spruce_planks":11,"minecraft:wooden_pickaxe":24,"minecraft:torch":1,"minecraft:dirt":2,"minecraft:crafting_table":4,"minecraft:spruce_button":1,"minecraft:iron_helmet":1,"minecraft:stone_axe":15,"minecraft:sweet_berries":20,"minecraft:furnace":1,"minecraft:egg":2,"alexsmobs:animal_dictionary":1,"minecraft:iron_leggings":1},"minecraft:mined":{"boh:kindness_flower":1,"minecraft:crafting_table":2,"minecraft:spruce_button":1,"minecraft:grass_block":3,"minecraft:spruce_leaves":7,"minecraft:wall_torch":1,"minecraft:skeleton_skull":1,"minecraft:large_fern":2,"minecraft:sweet_berry_bush":2,"minecraft:spruce_log":13,"minecraft:grass":1,"minecraft:potatoes":1,"minecraft:coal_ore":30,"minecraft:dirt":2,"minecraft:wither_skeleton_skull":1,"minecraft:stone":22,"quark:hollow_spruce_log":3,"minecraft:fern":1},"minecraft:killed_by":{"minecraft:player":1,"irons_spellbooks:necromancer":1,"enemyexpansion:direwolf":1},"minecraft:picked_up":{"irons_spellbooks:scroll":1,"minecraft:crafting_table":4,"minecraft:flower_pot":1,"quark:hollow_spruce_log":3,"minecraft:wooden_pickaxe":2,"enemyexpansion:wasp_thorax":1,"minecraft:potato":2,"alexsmobs:bear_fur":4,"minecraft:wither_skeleton_skull":1,"minecraft:dirt":5,"minecraft:paper":1,"minecraft:lantern":1,"minecraft:iron_leggings":2,"minecraft:bone":3,"boh:kindness_flower":1,"minecraft:bow":3,"minecraft:wheat_seeds":2,"minecraft:spruce_planks":23,"minecraft:stone_pickaxe":2,"minecraft:rabbit":2,"minecraft:iron_sword":4,"minecraft:egg":2,"minecraft:stick":5,"minecraft:sweet_berries":23,"minecraft:torch":3,"mmorpg:weapon/staff/wood":1,"minecraft:spruce_log":14,"minecraft:spectral_arrow":1,"alexsmobs:animal_dictionary":1,"minecraft:stone_sword":3,"minecraft:stone_axe":2,"minecraft:iron_helmet":2,"minecraft:spruce_button":1,"minecraft:baked_potato":1,"minecraft:skeleton_skull":2,"minecraft:coal":29,"minecraft:cobblestone":33},"minecraft:custom":{"minecraft:blood":0,"minecraft:interact_with_furnace":2,"minecraft:mob_kills":5,"minecraft:dexterity":1,"minecraft:intelligence":1,"minecraft:move_speed":0,"minecraft:interact_with_crafting_table":14,"minecraft:open_barrel":5,"minecraft:interact_with_grindstone":1,"minecraft:leave_game":6,"minecraft:time_since_death":8373,"minecraft:climb_one_cm":7248,"minecraft:levels_gained":2,"minecraft:mana":70,"minecraft:time_since_rest":8455,"minecraft:magic_shield":0,"minecraft:sprint_one_cm":275008,"minecraft:walk_one_cm":323200,"minecraft:damage_taken":2629,"minecraft:damage_absorbed":1524,"minecraft:drop":22,"minecraft:damage_dealt":1942,"minecraft:health":90,"minecraft:swim_one_cm":22876,"minecraft:talked_to_villager":2,"minecraft:fly_one_cm":69472,"minecraft:open_chest":5,"minecraft:crouch_one_cm":5195,"minecraft:play_time":70982,"minecraft:deaths":3,"minecraft:sneak_time":1041,"minecraft:walk_under_water_one_cm":4102,"minecraft:jump":439,"minecraft:energy":70,"minecraft:walk_on_water_one_cm":16814,"minecraft:strength":2,"minecraft:total_world_time":70982,"minecraft:fall_one_cm":8737},"minecraft:killed":{"alexsmobs:grizzly_bear":1,"minecraft:rabbit":1,"specialmobs:sniperskeleton":1,"specialmobs:zombie":1,"specialmobs:spider":1},"minecraft:dropped":{"minecraft:bread":2,"minecraft:wheat_seeds":2,"minecraft:stone_sword":2,"minecraft:baked_potato":1,"alexsmobs:animal_dictionary":1,"minecraft:potato":5,"minecraft:dirt":2,"quark:hollow_spruce_log":3,"minecraft:skeleton_skull":1,"minecraft:iron_leggings":1,"minecraft:stone_pickaxe":1,"minecraft:wooden_pickaxe":2,"minecraft:bone":2}},"DataVersion":3465}