{"stats":{"minecraft:crafted":{"minecraft:spruce_planks":28,"minecraft:stick":8,"minecraft:wooden_pickaxe":1,"minecraft:baked_potato":2,"minecraft:stone_pickaxe":2,"minecraft:stone_sword":1,"minecraft:furnace":1},"minecraft:used":{"minecraft:stone_sword":26,"minecraft:stone_pickaxe":28,"minecraft:baked_potato":1,"minecraft:wooden_pickaxe":24,"minecraft:stone_axe":13,"minecraft:furnace":1,"alexsmobs:animal_dictionary":1},"minecraft:mined":{"minecraft:large_fern":1,"minecraft:spruce_log":6,"boh:kindness_flower":1,"minecraft:grass":1,"minecraft:grass_block":2,"minecraft:potatoes":1,"minecraft:coal_ore":30,"minecraft:dirt":1,"minecraft:wither_skeleton_skull":1,"minecraft:spruce_leaves":2,"minecraft:stone":22},"minecraft:killed_by":{"enemyexpansion:direwolf":1,"minecraft:player":1},"minecraft:picked_up":{"minecraft:torch":1,"minecraft:wooden_pickaxe":1,"minecraft:potato":2,"minecraft:wither_skeleton_skull":1,"mmorpg:weapon/staff/wood":1,"minecraft:spruce_log":7,"minecraft:dirt":2,"minecraft:spectral_arrow":1,"alexsmobs:animal_dictionary":1,"minecraft:bone":3,"boh:kindness_flower":1,"minecraft:stone_axe":1,"minecraft:bow":1,"minecraft:spruce_planks":23,"minecraft:stone_pickaxe":1,"minecraft:baked_potato":1,"minecraft:coal":29,"minecraft:cobblestone":27},"minecraft:custom":{"minecraft:time_since_rest":4700,"minecraft:blood":0,"minecraft:magic_shield":0,"minecraft:damage_absorbed":228,"minecraft:interact_with_furnace":2,"minecraft:sprint_one_cm":97497,"minecraft:damage_taken":1271,"minecraft:walk_one_cm":117069,"minecraft:mob_kills":3,"minecraft:drop":13,"minecraft:dexterity":0,"minecraft:intelligence":0,"minecraft:damage_dealt":994,"minecraft:health":70,"minecraft:move_speed":0,"minecraft:interact_with_crafting_table":9,"minecraft:swim_one_cm":13329,"minecraft:fly_one_cm":28056,"minecraft:talked_to_villager":2,"minecraft:open_chest":1,"minecraft:crouch_one_cm":887,"minecraft:play_time":35817,"minecraft:deaths":2,"minecraft:sneak_time":223,"minecraft:walk_under_water_one_cm":2603,"minecraft:jump":156,"minecraft:energy":50,"minecraft:interact_with_grindstone":1,"minecraft:leave_game":4,"minecraft:time_since_death":4631,"minecraft:walk_on_water_one_cm":6913,"minecraft:strength":0,"minecraft:climb_one_cm":658,"minecraft:total_world_time":35817,"minecraft:mana":50,"minecraft:fall_one_cm":3833},"minecraft:killed":{"specialmobs:sniperskeleton":1,"specialmobs:zombie":1,"specialmobs:spider":1},"minecraft:dropped":{"minecraft:bread":2,"minecraft:dirt":2,"minecraft:potato":5,"minecraft:baked_potato":1,"alexsmobs:animal_dictionary":1,"minecraft:wooden_pickaxe":2,"minecraft:stone_pickaxe":1,"minecraft:bone":2}},"DataVersion":3465}