{"stats":{"minecraft:killed_by":{"specialmobs:zombie":3,"specialmobs:skeleton":3,"iceandfire:ghost":1,"rats:rat":1},"minecraft:mined":{"iceandfire:silver_ore":1,"minecraft:mossy_cobblestone":10,"minecraft:grass_block":1,"minecraft:spruce_leaves":1,"minecraft:redstone_torch":1,"quark:green_corundum":1,"minecraft:oak_log":4,"minecraft:cyan_carpet":3,"minecraft:stone":27,"minecraft:player_head":1,"minecraft:oak_leaves":1},"minecraft:used":{"minecraft:stone_sword":52,"minecraft:stone_pickaxe":29,"minecraft:oak_planks":9,"minecraft:leather_chestplate":1,"minecraft:wooden_pickaxe":12,"minecraft:shield":17,"minecraft:rotten_flesh":3,"minecraft:mossy_cobblestone":10,"minecraft:dirt":1,"minecraft:mushroom_stew":1,"minecraft:bread":7,"minecraft:iron_helmet":1,"minecraft:spruce_sapling":1,"minecraft:tripwire_hook":1,"minecraft:item_frame":2,"quark:green_corundum":1,"minecraft:stone_axe":1,"minecraft:cobblestone":16,"minecraft:cooked_cod":1,"minecraft:cooked_porkchop":1,"tombstone:gift":4,"alexsmobs:animal_dictionary":1},"minecraft:crafted":{"minecraft:cooked_cod":1,"minecraft:oak_planks":16,"minecraft:air":0,"minecraft:stick":4},"minecraft:custom":{"minecraft:interact_with_furnace":1,"minecraft:mob_kills":13,"minecraft:interact_with_crafting_table":6,"minecraft:open_barrel":3,"minecraft:time_since_death":2088,"minecraft:climb_one_cm":2645,"minecraft:time_since_rest":918,"minecraft:sprint_one_cm":147137,"minecraft:damage_taken":2941,"minecraft:walk_one_cm":128849,"minecraft:damage_blocked_by_shield":525,"minecraft:trigger_trapped_chest":1,"minecraft:drop":24,"minecraft:damage_dealt":2378,"minecraft:swim_one_cm":5307,"minecraft:fly_one_cm":74822,"minecraft:open_chest":8,"minecraft:crouch_one_cm":5828,"minecraft:play_time":46455,"tombstone:undead_killed":8,"minecraft:deaths":8,"minecraft:sneak_time":1973,"minecraft:walk_under_water_one_cm":6841,"minecraft:jump":471,"minecraft:walk_on_water_one_cm":15078,"minecraft:total_world_time":46455,"minecraft:fall_one_cm":9867},"minecraft:picked_up":{"minecraft:tripwire_hook":1,"minecraft:mushroom_stew":1,"minecraft:enchanted_book":1,"minecraft:oak_log":4,"rats:rat_pelt":2,"minecraft:shield":1,"rats:raw_rat":1,"minecraft:dirt":1,"tombstone:gift":1,"minecraft:item_frame":2,"minecraft:cyan_carpet":3,"minecraft:player_head":1,"minecraft:tipped_arrow":2,"minecraft:dark_oak_slab":2,"minecraft:cooked_porkchop":2,"minecraft:spruce_sapling":1,"tombstone:grave_dust":3,"quark:green_corundum":1,"minecraft:mossy_cobblestone":11,"minecraft:stone_sword":2,"minecraft:rotten_flesh":1,"minecraft:stone_axe":1,"minecraft:iron_helmet":1,"rats:cooked_rat":1,"tombstone:essence_of_undeath":4,"minecraft:bread":7,"tombstone:magic_scroll":1,"iceandfire:raw_silver":1,"minecraft:cobblestone":24},"minecraft:dropped":{"minecraft:bread":1,"minecraft:stone_axe":1,"minecraft:stone_sword":2,"alexsmobs:animal_dictionary":1,"minecraft:mossy_cobblestone":1,"minecraft:oak_planks":2,"minecraft:dirt":12,"minecraft:tipped_arrow":1,"tombstone:grave_dust":2,"tombstone:essence_of_undeath":4,"rats:rat_pelt":1,"minecraft:wooden_pickaxe":1,"minecraft:cyan_carpet":3,"minecraft:bone":4},"minecraft:killed":{"enemyexpansion:direwolf":1,"rats:rat":1,"specialmobs:skeleton":2,"iceandfire:ghost":1,"specialmobs:zombie":5}},"DataVersion":3465}