{"stats":{"minecraft:killed_by":{"specialmobs:zombie":7,"specialmobs:skeleton":3,"iceandfire:ghost":1,"rats:rat":1},"minecraft:mined":{"iceandfire:silver_ore":1,"minecraft:mossy_cobblestone":10,"minecraft:grass_block":1,"minecraft:cobblestone":2,"minecraft:spruce_leaves":1,"minecraft:redstone_torch":1,"quark:green_corundum":1,"minecraft:mangrove_planks":1,"minecraft:oak_log":4,"minecraft:cyan_carpet":3,"minecraft:stripped_mangrove_wood":9,"minecraft:stone":27,"minecraft:player_head":1,"minecraft:oak_leaves":1},"minecraft:used":{"minecraft:dark_oak_stairs":2,"minecraft:stone_sword":52,"rats:archeologist_hat":1,"minecraft:mangrove_planks":8,"minecraft:stone_pickaxe":31,"minecraft:oak_planks":9,"minecraft:leather_chestplate":1,"minecraft:wooden_pickaxe":12,"minecraft:shield":17,"minecraft:rotten_flesh":5,"minecraft:mossy_cobblestone":10,"minecraft:dirt":1,"minecraft:mushroom_stew":2,"minecraft:bread":7,"tombstone:magic_scroll":1,"minecraft:iron_helmet":1,"minecraft:spruce_sapling":1,"minecraft:tripwire_hook":1,"minecraft:item_frame":2,"quark:green_corundum":1,"minecraft:stone_axe":11,"minecraft:cobblestone":16,"minecraft:potion":1,"minecraft:cooked_cod":1,"minecraft:cooked_porkchop":1,"minecraft:pumpkin_pie":1,"tombstone:gift":4,"alexsmobs:animal_dictionary":1},"minecraft:crafted":{"minecraft:cooked_cod":1,"minecraft:oak_planks":16,"minecraft:mangrove_planks":16,"minecraft:air":0,"minecraft:stick":4},"minecraft:custom":{"minecraft:interact_with_furnace":1,"minecraft:mob_kills":13,"minecraft:tune_noteblock":2,"minecraft:interact_with_crafting_table":6,"minecraft:open_barrel":4,"minecraft:time_since_death":4892,"minecraft:climb_one_cm":3624,"minecraft:time_since_rest":4828,"minecraft:sprint_one_cm":154023,"minecraft:damage_taken":4308,"minecraft:walk_one_cm":159708,"minecraft:damage_blocked_by_shield":525,"minecraft:trigger_trapped_chest":1,"minecraft:drop":48,"minecraft:damage_dealt":2676,"minecraft:swim_one_cm":5307,"minecraft:fly_one_cm":75236,"minecraft:open_chest":10,"minecraft:crouch_one_cm":10616,"minecraft:play_time":58455,"tombstone:undead_killed":8,"minecraft:deaths":12,"minecraft:sneak_time":3902,"minecraft:walk_under_water_one_cm":6841,"minecraft:jump":498,"minecraft:walk_on_water_one_cm":15078,"minecraft:total_world_time":58455,"minecraft:fall_one_cm":10078},"minecraft:picked_up":{"minecraft:tripwire_hook":1,"minecraft:mushroom_stew":1,"minecraft:enchanted_book":1,"minecraft:oak_log":4,"rats:rat_pelt":2,"minecraft:shield":1,"rats:raw_rat":1,"minecraft:dirt":1,"tombstone:gift":1,"minecraft:item_frame":2,"minecraft:cyan_carpet":3,"minecraft:player_head":1,"minecraft:glass_bottle":1,"minecraft:mangrove_planks":1,"rats:archeologist_hat":3,"minecraft:dark_oak_stairs":3,"minecraft:tipped_arrow":2,"minecraft:stripped_mangrove_wood":9,"minecraft:dark_oak_slab":2,"minecraft:cooked_porkchop":2,"minecraft:bowl":3,"minecraft:spruce_sapling":1,"tombstone:grave_dust":3,"quark:green_corundum":1,"rats:ratlantis_sword":1,"minecraft:mossy_cobblestone":11,"minecraft:dark_oak_planks":2,"minecraft:stone_sword":2,"minecraft:rotten_flesh":10,"tombstone:familiar_stone":1,"minecraft:stone_axe":1,"minecraft:iron_helmet":1,"rats:cooked_rat":1,"tombstone:essence_of_undeath":5,"minecraft:bread":7,"tombstone:magic_scroll":2,"iceandfire:raw_silver":1,"minecraft:cobblestone":28},"minecraft:dropped":{"minecraft:bread":1,"minecraft:stone_axe":1,"minecraft:dark_oak_stairs":2,"minecraft:stripped_mangrove_wood":5,"minecraft:stone_sword":2,"alexsmobs:animal_dictionary":1,"minecraft:glass_bottle":2,"minecraft:mossy_cobblestone":1,"minecraft:bowl":3,"rats:archeologist_hat":2,"minecraft:dark_oak_slab":2,"minecraft:cobblestone":2,"minecraft:rotten_flesh":7,"minecraft:oak_planks":2,"minecraft:dirt":12,"minecraft:tipped_arrow":1,"tombstone:grave_dust":2,"tombstone:essence_of_undeath":5,"rats:rat_pelt":1,"minecraft:wooden_pickaxe":1,"rats:ratlantis_sword":1,"minecraft:dark_oak_planks":2,"minecraft:cyan_carpet":3,"minecraft:bone":4},"minecraft:killed":{"enemyexpansion:direwolf":1,"rats:rat":1,"specialmobs:skeleton":2,"iceandfire:ghost":1,"specialmobs:zombie":5}},"DataVersion":3465}