{"stats":{"minecraft:custom":{"minecraft:damage_taken":20,"minecraft:intelligence":0,"minecraft:time_since_rest":1318,"minecraft:energy":50,"minecraft:blood":0,"minecraft:damage_absorbed":5,"minecraft:magic_shield":0,"minecraft:crouch_one_cm":69,"minecraft:health":70,"minecraft:leave_game":3,"minecraft:play_time":1318,"minecraft:move_speed":0,"minecraft:time_since_death":1318,"minecraft:walk_one_cm":6618,"minecraft:strength":0,"minecraft:sneak_time":55,"minecraft:total_world_time":1318,"minecraft:fall_one_cm":209,"minecraft:fly_one_cm":855,"minecraft:mana":50,"minecraft:sprint_one_cm":4029,"minecraft:dexterity":0,"minecraft:jump":4}},"DataVersion":3465}