{"stats":{"minecraft:used":{"minecraft:birch_planks":13,"minecraft:bread":6},"minecraft:custom":{"minecraft:time_since_rest":3769,"minecraft:open_chest":3,"minecraft:crouch_one_cm":104,"minecraft:play_time":26044,"minecraft:interact_with_furnace":1,"minecraft:sprint_one_cm":10716,"minecraft:walk_one_cm":256975,"minecraft:damage_taken":780,"minecraft:deaths":1,"minecraft:sneak_time":23,"minecraft:pot_flower":1,"minecraft:drop":6,"minecraft:damage_dealt_resisted":4,"minecraft:jump":189,"minecraft:damage_dealt":0,"minecraft:leave_game":1,"minecraft:time_since_death":21456,"minecraft:sleep_in_bed":1,"minecraft:total_world_time":26044,"minecraft:climb_one_cm":4542,"minecraft:tune_noteblock":1,"minecraft:fall_one_cm":6574,"minecraft:fly_one_cm":3795},"minecraft:mined":{"untamedwilds:flora_bush_temperate":1,"minecraft:oak_leaves":1},"minecraft:picked_up":{"untamedwilds:material_fat":3,"minecraft:torch":2,"minecraft:wheat_seeds":1,"untamedwilds:flora_bush_temperate":1,"minecraft:birch_planks":14,"paraglider:spirit_orb":1,"untamedwilds:flora_hemlock":2,"minecraft:bread":12,"minecraft:leather_helmet":1,"minecraft:paper":1},"minecraft:dropped":{"minecraft:crimson_fungus":1,"minecraft:wheat_seeds":1,"minecraft:torch":1,"untamedwilds:flora_hemlock":2,"minecraft:leather_helmet":1}},"DataVersion":2975}