{"stats":{"minecraft:crafted":{"minecraft:spruce_planks":28,"minecraft:wooden_pickaxe":1,"minecraft:baked_potato":2,"minecraft:furnace":1,"minecraft:stick":8,"minecraft:stone_pickaxe":2,"minecraft:stone_sword":1},"minecraft:used":{"minecraft:stone_sword":26,"minecraft:wither_skeleton_skull":1,"minecraft:stone_pickaxe":28,"minecraft:baked_potato":1,"minecraft:wooden_pickaxe":24,"minecraft:spruce_button":1,"minecraft:stone_axe":13,"minecraft:sweet_berries":11,"minecraft:furnace":1,"alexsmobs:animal_dictionary":1},"minecraft:mined":{"boh:kindness_flower":1,"minecraft:spruce_button":1,"minecraft:grass_block":2,"minecraft:spruce_leaves":2,"minecraft:large_fern":1,"minecraft:sweet_berry_bush":2,"minecraft:spruce_log":10,"minecraft:grass":1,"minecraft:potatoes":1,"minecraft:coal_ore":30,"minecraft:dirt":1,"minecraft:wither_skeleton_skull":1,"minecraft:stone":22,"quark:hollow_spruce_log":3,"minecraft:fern":1},"minecraft:killed_by":{"minecraft:player":1,"enemyexpansion:direwolf":1},"minecraft:picked_up":{"quark:hollow_spruce_log":3,"minecraft:wooden_pickaxe":1,"minecraft:potato":2,"alexsmobs:bear_fur":2,"minecraft:wither_skeleton_skull":1,"minecraft:dirt":2,"minecraft:bone":3,"boh:kindness_flower":1,"minecraft:bow":3,"minecraft:spruce_planks":23,"minecraft:stone_pickaxe":1,"minecraft:rabbit":1,"minecraft:sweet_berries":11,"minecraft:torch":1,"mmorpg:weapon/staff/wood":1,"minecraft:spruce_log":11,"minecraft:spectral_arrow":1,"alexsmobs:animal_dictionary":1,"minecraft:stone_axe":1,"minecraft:spruce_button":1,"minecraft:baked_potato":1,"minecraft:coal":29,"minecraft:cobblestone":27},"minecraft:custom":{"minecraft:blood":0,"minecraft:interact_with_furnace":2,"minecraft:mob_kills":5,"minecraft:dexterity":0,"minecraft:intelligence":0,"minecraft:move_speed":0,"minecraft:interact_with_crafting_table":9,"minecraft:interact_with_grindstone":1,"minecraft:leave_game":5,"minecraft:time_since_death":13519,"minecraft:climb_one_cm":1046,"minecraft:levels_gained":2,"minecraft:mana":60,"minecraft:time_since_rest":13588,"minecraft:magic_shield":0,"minecraft:sprint_one_cm":181386,"minecraft:walk_one_cm":184314,"minecraft:damage_taken":2201,"minecraft:damage_absorbed":1018,"minecraft:drop":16,"minecraft:damage_dealt":1591,"minecraft:health":80,"minecraft:swim_one_cm":13329,"minecraft:talked_to_villager":2,"minecraft:fly_one_cm":48235,"minecraft:open_chest":1,"minecraft:crouch_one_cm":891,"minecraft:play_time":44705,"minecraft:deaths":2,"minecraft:sneak_time":252,"minecraft:walk_under_water_one_cm":2603,"minecraft:jump":254,"minecraft:energy":60,"minecraft:walk_on_water_one_cm":6913,"minecraft:strength":0,"minecraft:total_world_time":44705,"minecraft:fall_one_cm":5196},"minecraft:killed":{"alexsmobs:grizzly_bear":1,"minecraft:rabbit":1,"specialmobs:sniperskeleton":1,"specialmobs:zombie":1,"specialmobs:spider":1},"minecraft:dropped":{"minecraft:bread":2,"minecraft:baked_potato":1,"alexsmobs:animal_dictionary":1,"minecraft:potato":5,"minecraft:dirt":2,"quark:hollow_spruce_log":3,"minecraft:stone_pickaxe":1,"minecraft:wooden_pickaxe":2,"minecraft:bone":2}},"DataVersion":3465}