{"stats":{"minecraft:used":{"minecraft:birch_planks":13,"minecraft:bread":10,"minecraft:torch":1},"minecraft:mined":{"untamedwilds:flora_bush_temperate":1,"minecraft:oak_leaves":1},"minecraft:custom":{"minecraft:time_since_rest":15769,"minecraft:interact_with_furnace":1,"champions:champion_mobs_killed":4,"minecraft:sprint_one_cm":29112,"minecraft:damage_taken":876,"minecraft:walk_one_cm":390345,"minecraft:mob_kills":3,"minecraft:drop":6,"minecraft:damage_dealt":0,"minecraft:swim_one_cm":3877,"minecraft:tune_noteblock":1,"minecraft:fly_one_cm":6555,"minecraft:open_chest":3,"minecraft:crouch_one_cm":111,"minecraft:play_time":38044,"minecraft:deaths":1,"minecraft:sneak_time":23,"minecraft:walk_under_water_one_cm":5175,"minecraft:pot_flower":1,"minecraft:jump":295,"minecraft:damage_dealt_resisted":4,"minecraft:leave_game":1,"minecraft:time_since_death":33456,"minecraft:walk_on_water_one_cm":4490,"minecraft:sleep_in_bed":1,"minecraft:climb_one_cm":4658,"minecraft:total_world_time":38044,"minecraft:fall_one_cm":9220},"minecraft:picked_up":{"minecraft:torch":2,"untamedwilds:flora_bush_temperate":1,"minecraft:birch_planks":14,"paraglider:spirit_orb":1,"untamedwilds:flora_hemlock":2,"minecraft:crimson_planks":3,"minecraft:paper":1,"minecraft:leather_helmet":1,"minecraft:stone_sword":1,"untamedwilds:material_fat":3,"minecraft:wheat_seeds":1,"minecraft:spruce_planks":5,"minecraft:bread":12},"minecraft:dropped":{"minecraft:crimson_fungus":1,"minecraft:wheat_seeds":1,"minecraft:torch":1,"untamedwilds:flora_hemlock":2,"minecraft:leather_helmet":1},"minecraft:killed":{"minecraft:pillager":4}},"DataVersion":2975}