{"stats":{"minecraft:mined":{"minecraft:oak_log":4,"minecraft:redstone_torch":1,"minecraft:stone":12,"minecraft:oak_leaves":1},"minecraft:used":{"minecraft:stone_axe":1,"minecraft:bread":4,"alexsmobs:animal_dictionary":1,"minecraft:wooden_pickaxe":12},"minecraft:crafted":{"minecraft:oak_planks":16,"minecraft:stick":4},"minecraft:custom":{"minecraft:open_chest":2,"minecraft:time_since_rest":10455,"minecraft:play_time":10455,"minecraft:sprint_one_cm":43971,"minecraft:damage_taken":240,"minecraft:walk_one_cm":21187,"minecraft:drop":4,"minecraft:jump":136,"minecraft:damage_dealt":135,"minecraft:time_since_death":10455,"minecraft:total_world_time":10455,"minecraft:climb_one_cm":1229,"minecraft:interact_with_crafting_table":5,"minecraft:fall_one_cm":5434,"minecraft:fly_one_cm":29901},"minecraft:picked_up":{"minecraft:stone_axe":1,"minecraft:oak_log":4,"minecraft:bread":5,"minecraft:cobblestone":12},"minecraft:dropped":{"minecraft:stone_axe":1,"minecraft:oak_planks":2,"minecraft:wooden_pickaxe":1,"alexsmobs:animal_dictionary":1}},"DataVersion":3465}