{"stats":{"minecraft:custom":{"minecraft:open_barrel":1,"minecraft:open_chest":2,"minecraft:time_since_rest":12766,"minecraft:blood":0,"minecraft:magic_shield":0,"minecraft:sprint_one_cm":2372,"minecraft:play_time":12766,"minecraft:damage_absorbed":12,"minecraft:damage_taken":124,"minecraft:walk_one_cm":49419,"minecraft:sneak_time":97,"minecraft:walk_under_water_one_cm":2744,"minecraft:mob_kills":6,"minecraft:dexterity":0,"tombstone:raider_killed":2,"minecraft:jump":45,"minecraft:intelligence":1,"minecraft:energy":50,"minecraft:damage_dealt":1574,"minecraft:walk_on_water_one_cm":2930,"minecraft:time_since_death":12766,"minecraft:health":75,"minecraft:move_speed":0,"minecraft:strength":1,"minecraft:climb_one_cm":792,"minecraft:total_world_time":12766,"minecraft:swim_one_cm":6954,"minecraft:mana":60,"minecraft:fall_one_cm":962,"minecraft:fly_one_cm":77841},"minecraft:used":{"iceandfire:dread_queen_sword":15,"wom:moonless":58,"alexsmobs:animal_dictionary":1,"simplyswords:waxweaver":1,"minecraft:iron_sword":10},"minecraft:picked_up":{"mmorpg:weapon/staff/wood":4},"minecraft:killed":{"minecraft:pillager":2,"alexsmobs:tasmanian_devil":1,"alexsmobs:skunk":1}},"DataVersion":3465}