{"stats":{"minecraft:custom":{"minecraft:blood":0,"minecraft:mob_kills":27,"minecraft:dexterity":10,"minecraft:intelligence":8,"tombstone:raider_killed":8,"minecraft:move_speed":0,"minecraft:open_barrel":1,"minecraft:damage_dealt_resisted":54,"minecraft:time_since_death":54766,"minecraft:climb_one_cm":792,"minecraft:levels_gained":6,"minecraft:mana":180,"minecraft:time_since_rest":54766,"minecraft:magic_shield":0,"minecraft:damage_absorbed":12,"minecraft:sprint_one_cm":7160,"minecraft:damage_taken":124,"minecraft:walk_one_cm":159444,"tombstone:sneak_grave":23,"minecraft:drop":57,"minecraft:damage_dealt":7535,"minecraft:health":233,"minecraft:swim_one_cm":10264,"minecraft:fly_one_cm":1050200,"minecraft:open_chest":2,"minecraft:crouch_one_cm":1085,"minecraft:play_time":54766,"tombstone:undead_killed":2,"minecraft:sneak_time":1686,"minecraft:walk_under_water_one_cm":9187,"minecraft:jump":177,"minecraft:energy":200,"minecraft:walk_on_water_one_cm":5937,"minecraft:total_world_time":54766,"minecraft:strength":13,"minecraft:fall_one_cm":962},"minecraft:used":{"minecraft:iron_sword":10,"alexscaves:spawn_egg_nucleeper":14,"aquamirae:coral_lance":11,"minecraft:purple_banner":1,"specialmobs:wildfireblaze_spawn_egg":1,"alexscaves:remote_detonator":2,"graveyard:revenant_spawn_egg":1,"iceandfire:dread_queen_sword":15,"tombstone:gift":2,"alexsmobs:animal_dictionary":1,"simplyswords:waxweaver":1,"wom:moonless":296,"alexscaves:nuclear_bomb":3},"minecraft:dropped":{"mmorpg:stat_soul":1,"graveyard:upper_bone_staff":1,"alexsmobs:maggot":1,"minecraft:wheat_seeds":1,"iceandfire:witherbone":1,"minecraft:rotten_flesh":2,"aquamirae:coral_lance":1,"alexscaves:spawn_egg_nucleeper":1,"minecraft:stick":1,"iceandfire:dread_queen_sword":1,"minecraft:dirt":32,"graveyard:revenant_spawn_egg":1,"alexsmobs:flying_fish":1,"minecraft:oak_sapling":1,"tombstone:grave_dust":1,"minecraft:wither_rose":6,"simplyswords:watching_warglaive":1,"minecraft:arrow":1,"minecraft:bow":1,"minecraft:bone":1},"minecraft:picked_up":{"iceandfire:witherbone":1,"minecraft:andesite":38,"mmorpg:jewelry/ring/iron":6,"minecraft:wither_rose":6,"minecraft:dirt":32,"minecraft:iron_leggings":1,"minecraft:purple_banner":1,"minecraft:bone":1,"minecraft:bow":1,"minecraft:wheat_seeds":1,"mmorpg:offhand/tome/iron":3,"minecraft:iron_boots":1,"minecraft:raw_iron":1,"minecraft:stick":1,"minecraft:gravel":1,"minecraft:sand":2,"minecraft:diorite":20,"mmorpg:weapon/staff/wood":4,"minecraft:rotten_flesh":2,"minecraft:granite":9,"alexsmobs:maggot":1,"minecraft:oak_sapling":1,"minecraft:coal":2,"alexsmobs:flying_fish":1,"minecraft:cobblestone":166},"minecraft:killed":{"sculkhorde:sculk_witch":1,"minecraft:pig":1,"graveyard:ghoul":1,"alexsmobs:grizzly_bear":2,"alexsmobs:skunk":1,"alexsmobs:tasmanian_devil":1,"boh:little_sister":1,"minecraft:pillager":8,"boh:facehugger":1,"epicfight:wither_skeleton_minion":1}},"DataVersion":3465}