{"stats":{"minecraft:custom":{"minecraft:time_since_rest":36766,"minecraft:blood":0,"minecraft:magic_shield":0,"minecraft:walk_one_cm":126631,"minecraft:sprint_one_cm":2405,"minecraft:damage_taken":124,"minecraft:damage_absorbed":12,"tombstone:sneak_grave":23,"minecraft:mob_kills":22,"minecraft:drop":50,"minecraft:dexterity":10,"minecraft:intelligence":8,"tombstone:raider_killed":8,"minecraft:damage_dealt":6331,"minecraft:health":189,"minecraft:move_speed":0,"minecraft:swim_one_cm":10264,"minecraft:fly_one_cm":407842,"minecraft:open_barrel":1,"minecraft:open_chest":2,"minecraft:crouch_one_cm":940,"minecraft:play_time":36766,"tombstone:undead_killed":2,"minecraft:sneak_time":716,"minecraft:walk_under_water_one_cm":5135,"minecraft:damage_dealt_resisted":54,"minecraft:jump":145,"minecraft:energy":200,"minecraft:time_since_death":36766,"minecraft:walk_on_water_one_cm":5567,"minecraft:strength":13,"minecraft:total_world_time":36766,"minecraft:climb_one_cm":792,"minecraft:levels_gained":6,"minecraft:fall_one_cm":962,"minecraft:mana":180},"minecraft:used":{"minecraft:purple_banner":1,"specialmobs:wildfireblaze_spawn_egg":1,"minecraft:iron_sword":10,"graveyard:revenant_spawn_egg":1,"iceandfire:dread_queen_sword":15,"tombstone:gift":2,"alexsmobs:animal_dictionary":1,"simplyswords:waxweaver":1,"wom:moonless":253,"aquamirae:coral_lance":11},"minecraft:dropped":{"iceandfire:dread_queen_sword":1,"minecraft:dirt":32,"graveyard:upper_bone_staff":1,"alexsmobs:maggot":1,"minecraft:wheat_seeds":1,"graveyard:revenant_spawn_egg":1,"alexsmobs:flying_fish":1,"minecraft:oak_sapling":1,"iceandfire:witherbone":1,"tombstone:grave_dust":1,"aquamirae:coral_lance":1,"minecraft:wither_rose":4,"minecraft:bow":1,"minecraft:bone":1,"minecraft:stick":1,"mmorpg:stat_soul":1},"minecraft:picked_up":{"minecraft:stick":1,"iceandfire:witherbone":1,"mmorpg:jewelry/ring/iron":5,"minecraft:wither_rose":5,"mmorpg:weapon/staff/wood":4,"minecraft:dirt":32,"minecraft:iron_leggings":1,"minecraft:purple_banner":1,"minecraft:bone":1,"minecraft:bow":1,"minecraft:wheat_seeds":1,"alexsmobs:maggot":1,"minecraft:oak_sapling":1,"mmorpg:offhand/tome/iron":3,"alexsmobs:flying_fish":1,"minecraft:iron_boots":1},"minecraft:killed":{"boh:little_sister":1,"sculkhorde:sculk_witch":1,"minecraft:pillager":8,"graveyard:ghoul":1,"alexsmobs:skunk":1,"epicfight:wither_skeleton_minion":1,"alexsmobs:tasmanian_devil":1}},"DataVersion":3465}