{"stats":{"minecraft:custom":{"minecraft:time_since_rest":24766,"minecraft:blood":0,"minecraft:magic_shield":0,"minecraft:walk_one_cm":107504,"minecraft:sprint_one_cm":2405,"minecraft:damage_taken":124,"minecraft:damage_absorbed":12,"minecraft:mob_kills":16,"minecraft:drop":28,"minecraft:dexterity":8,"minecraft:intelligence":6,"tombstone:raider_killed":8,"minecraft:damage_dealt":3924,"minecraft:health":179,"minecraft:move_speed":0,"minecraft:swim_one_cm":6954,"minecraft:fly_one_cm":242297,"minecraft:open_barrel":1,"minecraft:open_chest":2,"minecraft:play_time":24766,"minecraft:sneak_time":272,"minecraft:walk_under_water_one_cm":2744,"minecraft:damage_dealt_resisted":54,"minecraft:jump":107,"minecraft:energy":170,"minecraft:time_since_death":24766,"minecraft:walk_on_water_one_cm":3232,"minecraft:strength":13,"minecraft:total_world_time":24766,"minecraft:climb_one_cm":792,"minecraft:levels_gained":5,"minecraft:fall_one_cm":962,"minecraft:mana":150},"minecraft:used":{"minecraft:purple_banner":1,"minecraft:iron_sword":10,"iceandfire:dread_queen_sword":15,"alexsmobs:animal_dictionary":1,"simplyswords:waxweaver":1,"wom:moonless":188},"minecraft:dropped":{"iceandfire:dread_queen_sword":1,"minecraft:dirt":22,"minecraft:wheat_seeds":1,"alexsmobs:flying_fish":1,"minecraft:wither_rose":2,"minecraft:bow":1},"minecraft:picked_up":{"mmorpg:jewelry/ring/iron":5,"minecraft:wither_rose":2,"mmorpg:weapon/staff/wood":4,"minecraft:dirt":22,"minecraft:purple_banner":1,"minecraft:bow":1,"minecraft:wheat_seeds":1,"mmorpg:offhand/tome/iron":3,"alexsmobs:flying_fish":1,"minecraft:iron_boots":1},"minecraft:killed":{"sculkhorde:sculk_witch":1,"minecraft:pillager":8,"alexsmobs:skunk":1,"alexsmobs:tasmanian_devil":1}},"DataVersion":3465}