{"stats":{"minecraft:picked_up":{"minecraft:stick":8,"minecraft:spruce_log":24,"minecraft:spruce_sapling":6},"minecraft:mined":{"minecraft:spruce_log":1,"immersive_weathering:spruce_leaf_pile":1},"minecraft:killed":{"dannys_expansion:mundane_slime":1},"minecraft:used":{"minecraft:bread":1},"minecraft:custom":{"minecraft:jump":10,"minecraft:time_since_rest":5947,"minecraft:damage_dealt":5,"champions:champion_mobs_killed":1,"minecraft:sprint_one_cm":1393,"minecraft:leave_game":1,"minecraft:play_time":5947,"minecraft:damage_taken":227,"minecraft:time_since_death":5947,"minecraft:walk_one_cm":7492,"minecraft:total_world_time":5947,"minecraft:mob_kills":1,"minecraft:fall_one_cm":209,"minecraft:fly_one_cm":2483}},"DataVersion":2975}