{"stats":{"minecraft:mined":{"minecraft:hay_block":5,"minecraft:grass":1,"minecraft:oak_log":13,"minecraft:cobblestone":1,"minecraft:stone":11,"minecraft:oak_leaves":3},"minecraft:used":{"minecraft:redstone_torch":7,"specialmobs:drowningcreeper_spawn_egg":1,"specialmobs:runicenderman_spawn_egg":1,"specialmobs:splittingcreeper_spawn_egg":1,"specialmobs:thiefenderman_spawn_egg":1,"minecraft:grass_block":1,"minecraft:bread":5,"minecraft:iron_pickaxe":13,"minecraft:oak_planks":9,"specialmobs:ghast_spawn_egg":1,"specialmobs:queenghast_spawn_egg":1,"specialmobs:mirageenderman_spawn_egg":1,"specialmobs:spitfirewitherskeleton_spawn_egg":1,"minecraft:stone_axe":10,"specialmobs:webspider_spawn_egg":1,"specialmobs:deathcreeper_spawn_egg":1,"specialmobs:bruteskeleton_spawn_egg":1,"minecraft:dirt":6,"minecraft:cobblestone":4,"specialmobs:jumpingcreeper_spawn_egg":1,"specialmobs:creeper_spawn_egg":2,"specialmobs:conflagrationblaze_spawn_egg":1,"minecraft:crafting_table":1,"specialmobs:strayskeleton_spawn_egg":1,"specialmobs:brutezombie_spawn_egg":1,"specialmobs:gravelcreeper_spawn_egg":2,"specialmobs:doomcreeper_spawn_egg":2,"minecraft:gold_block":20,"specialmobs:darkcreeper_spawn_egg":1,"specialmobs:drowned_spawn_egg":1,"specialmobs:strawberryslime_spawn_egg":1,"specialmobs:babycavespider_spawn_egg":1,"specialmobs:zombifiedpiglin_spawn_egg":1},"minecraft:crafted":{"minecraft:oak_planks":20,"minecraft:crafting_table":1,"minecraft:stick":4,"minecraft:iron_pickaxe":1,"minecraft:stone_pickaxe":1,"minecraft:stone_sword":1,"minecraft:stone_axe":1,"minecraft:bread":15,"minecraft:wheat":45},"minecraft:custom":{"minecraft:time_since_rest":18555,"minecraft:sprint_one_cm":24246,"minecraft:damage_taken":335,"minecraft:walk_one_cm":20404,"minecraft:mob_kills":4,"minecraft:drop":5,"minecraft:damage_dealt":680,"minecraft:interact_with_crafting_table":6,"minecraft:fly_one_cm":74934,"minecraft:open_barrel":8,"minecraft:open_chest":2,"minecraft:crouch_one_cm":4238,"tombstone:undead_killed":2,"minecraft:play_time":18555,"minecraft:sneak_time":1318,"minecraft:jump":271,"minecraft:leave_game":2,"minecraft:time_since_death":18555,"minecraft:climb_one_cm":1321,"minecraft:total_world_time":18555,"minecraft:fall_one_cm":8493},"minecraft:picked_up":{"minecraft:stick":1,"minecraft:feather":1,"iceandfire:witherbone":1,"minecraft:fire_charge":1,"minecraft:oak_log":13,"minecraft:string":2,"minecraft:bone":3,"minecraft:arrow":2,"minecraft:stone_axe":1,"minecraft:hay_block":5,"minecraft:redstone_torch":1,"supplementaries:ash":1,"minecraft:oak_planks":2,"minecraft:cobblestone":12},"minecraft:dropped":{"minecraft:bread":4,"minecraft:stone_axe":1},"minecraft:killed":{"specialmobs:strayskeleton":1,"alexsmobs:seagull":1,"specialmobs:spider":1,"specialmobs:spitfirewitherskeleton":1}},"DataVersion":3465}