{"stats":{"minecraft:killed_by":{"specialmobs:skeleton":1},"minecraft:used":{"specialmobs:drowningcreeper_spawn_egg":1,"specialmobs:splittingcreeper_spawn_egg":1,"minecraft:stone_sword":9,"specialmobs:thiefenderman_spawn_egg":1,"minecraft:stone_pickaxe":2,"minecraft:oak_planks":9,"specialmobs:ghast_spawn_egg":1,"specialmobs:queenghast_spawn_egg":1,"specialmobs:mirageenderman_spawn_egg":1,"specialmobs:spitfirewitherskeleton_spawn_egg":1,"minecraft:iron_chestplate":1,"specialmobs:deathcreeper_spawn_egg":1,"minecraft:dirt":6,"specialmobs:creeper_spawn_egg":2,"minecraft:crafting_table":2,"specialmobs:strayskeleton_spawn_egg":1,"specialmobs:darkcreeper_spawn_egg":1,"specialmobs:drowned_spawn_egg":1,"minecraft:redstone_torch":7,"specialmobs:runicenderman_spawn_egg":1,"minecraft:grass_block":1,"minecraft:bread":7,"minecraft:iron_pickaxe":79,"minecraft:stone_axe":12,"specialmobs:webspider_spawn_egg":1,"specialmobs:bruteskeleton_spawn_egg":1,"minecraft:cobblestone":22,"specialmobs:jumpingcreeper_spawn_egg":1,"specialmobs:conflagrationblaze_spawn_egg":1,"minecraft:furnace":1,"specialmobs:brutezombie_spawn_egg":1,"specialmobs:gravelcreeper_spawn_egg":2,"specialmobs:doomcreeper_spawn_egg":2,"minecraft:gold_block":20,"specialmobs:strawberryslime_spawn_egg":1,"specialmobs:babycavespider_spawn_egg":1,"specialmobs:zombifiedpiglin_spawn_egg":1},"minecraft:mined":{"create:zinc_ore":2,"minecraft:crafting_table":1,"minecraft:cobblestone":1,"minecraft:hay_block":5,"minecraft:furnace":1,"minecraft:iron_ore":15,"minecraft:grass":1,"minecraft:oak_log":13,"minecraft:coal_ore":23,"minecraft:stone":38,"minecraft:oak_leaves":4},"minecraft:crafted":{"minecraft:oak_planks":44,"minecraft:crafting_table":2,"minecraft:furnace":1,"minecraft:stone_axe":1,"minecraft:bread":15,"minecraft:air":0,"minecraft:iron_chestplate":1,"minecraft:shield":2,"minecraft:stick":8,"minecraft:iron_ingot":13,"minecraft:iron_pickaxe":1,"minecraft:stone_pickaxe":1,"minecraft:stone_sword":1,"minecraft:torch":16,"minecraft:wheat":45},"minecraft:custom":{"minecraft:interact_with_furnace":18,"minecraft:mob_kills":6,"minecraft:interact_with_crafting_table":19,"minecraft:open_barrel":8,"minecraft:leave_game":2,"minecraft:time_since_death":6741,"minecraft:climb_one_cm":1321,"minecraft:time_since_rest":6235,"minecraft:sprint_one_cm":43075,"minecraft:damage_taken":680,"minecraft:walk_one_cm":35695,"minecraft:drop":11,"minecraft:damage_dealt":1244,"minecraft:swim_one_cm":5463,"minecraft:fly_one_cm":107264,"minecraft:open_chest":2,"minecraft:deaths":1,"minecraft:play_time":30555,"minecraft:crouch_one_cm":17805,"tombstone:undead_killed":2,"minecraft:sneak_time":4608,"minecraft:walk_under_water_one_cm":2635,"minecraft:jump":449,"minecraft:walk_on_water_one_cm":8469,"minecraft:total_world_time":30555,"minecraft:fall_one_cm":15687},"minecraft:picked_up":{"minecraft:crafting_table":1,"minecraft:feather":1,"iceandfire:witherbone":1,"minecraft:wooden_pickaxe":1,"minecraft:oak_log":13,"minecraft:string":2,"minecraft:bone":3,"minecraft:redstone_torch":1,"minecraft:oak_planks":2,"minecraft:furnace":1,"minecraft:stick":1,"minecraft:raw_iron":15,"minecraft:fire_charge":1,"minecraft:stone_sword":3,"minecraft:arrow":2,"minecraft:stone_axe":1,"minecraft:hay_block":5,"minecraft:bread":1,"supplementaries:ash":1,"minecraft:coal":38,"minecraft:cobblestone":39},"minecraft:dropped":{"minecraft:bread":5,"minecraft:stone_axe":1,"minecraft:stone_sword":3,"minecraft:iron_helmet":1,"minecraft:shield":1},"minecraft:killed":{"specialmobs:strayskeleton":1,"alexsmobs:seagull":1,"specialmobs:spitfirewitherskeleton":1,"rats:pied_piper":1,"specialmobs:spider":1}},"DataVersion":3465}