{"stats":{"minecraft:custom":{"minecraft:time_since_rest":12641,"minecraft:blood":0,"minecraft:magic_shield":0,"minecraft:sprint_one_cm":80207,"minecraft:walk_one_cm":142675,"minecraft:damage_taken":4266,"minecraft:damage_absorbed":1465,"tombstone:sneak_grave":4,"minecraft:mob_kills":9,"minecraft:drop":4,"minecraft:dexterity":11,"minecraft:intelligence":5,"minecraft:damage_dealt":1978,"minecraft:health":145,"minecraft:move_speed":0,"minecraft:swim_one_cm":7315,"minecraft:interact_with_crafting_table":1,"minecraft:fly_one_cm":1605213,"minecraft:open_chest":1,"minecraft:crouch_one_cm":23603,"minecraft:play_time":58963,"minecraft:deaths":6,"minecraft:sneak_time":4980,"minecraft:walk_under_water_one_cm":2823,"minecraft:damage_dealt_resisted":68,"minecraft:jump":755,"minecraft:energy":190,"minecraft:time_since_death":15040,"minecraft:walk_on_water_one_cm":3165,"minecraft:strength":9,"minecraft:total_world_time":58963,"minecraft:levels_gained":4,"minecraft:fall_one_cm":13612,"minecraft:mana":130},"minecraft:used":{"minecraft:wooden_axe":14,"minecraft:wither_skeleton_skull":2,"minecraft:grass_block":56,"minecraft:birch_leaves":7,"tobacconistmod:hookah_block":1,"minecraft:oak_planks":43,"cfm:stripped_acacia_chair":1,"minecraft:iron_sword":1,"wom:ruine":16,"alexscaves:spawn_egg_raycat":1,"minecraft:oak_leaves":50,"minecraft:mossy_cobblestone":3,"minecraft:diamond_sword":66,"minecraft:dirt":12,"alexscaves:radrock_bricks":10,"minecraft:crafting_table":1,"minecraft:oak_sapling":1,"tombstone:gift":1},"minecraft:dropped":{"minecraft:gravel":1,"alexsmobs:maggot":1,"minecraft:mossy_cobblestone":1,"wom:ruine":1},"minecraft:mined":{"minecraft:birch_leaves":4,"minecraft:crafting_table":1,"minecraft:grass":1,"minecraft:oak_log":17,"minecraft:sugar_cane":2,"minecraft:oak_leaves":9},"minecraft:picked_up":{"minecraft:charcoal":2,"minecraft:stick":1,"minecraft:crafting_table":1,"minecraft:wither_rose":4,"minecraft:sand":4,"minecraft:oak_log":17,"minecraft:dirt":32,"minecraft:bone":3,"iceandfire:cyclops_eye":1,"alexsmobs:maggot":1,"minecraft:birch_sapling":3,"minecraft:oak_sapling":3,"mmorpg:offhand/tome/iron":1,"minecraft:sugar_cane":2,"minecraft:mutton":7,"minecraft:coal":3,"minecraft:white_wool":5},"minecraft:killed_by":{"witherstormmod:wither_storm":3,"boh:sadako":2},"minecraft:crafted":{"minecraft:oak_planks":68,"minecraft:crafting_table":1,"minecraft:stick":4,"minecraft:wooden_axe":1},"minecraft:killed":{"alexsmobs:fly":1}},"DataVersion":3465}