{"stats":{"minecraft:dropped":{"minecraft:stone_sword":1,"minecraft:rotten_flesh":1,"minecraft:torch":1,"minecraft:stone_pickaxe":1,"minecraft:bone":1},"minecraft:picked_up":{"minecraft:crafting_table":5,"minecraft:wooden_pickaxe":1,"minecraft:potato":52,"minecraft:wither_skeleton_skull":1,"minecraft:string":2,"minecraft:dirt":3,"minecraft:raw_copper":34,"minecraft:bone":1,"minecraft:bow":1,"minecraft:wheat_seeds":2,"minecraft:spruce_planks":7,"minecraft:stone_pickaxe":3,"minecraft:sugar_cane":8,"minecraft:iron_sword":3,"minecraft:iron_boots":1,"minecraft:stick":6,"minecraft:sweet_berries":36,"minecraft:torch":9,"minecraft:cookie":1,"minecraft:spruce_sapling":5,"mmorpg:weapon/staff/wood":4,"minecraft:spruce_log":17,"minecraft:spectral_arrow":2,"alexsmobs:animal_dictionary":1,"minecraft:stone_sword":2,"minecraft:rotten_flesh":2,"minecraft:bread":2,"minecraft:coal":69,"minecraft:cobblestone":45},"minecraft:crafted":{"minecraft:crafting_table":2,"minecraft:spruce_planks":68,"minecraft:wooden_pickaxe":2,"minecraft:stone_axe":2,"minecraft:stick":16,"minecraft:stone_pickaxe":1,"minecraft:wooden_axe":1,"minecraft:stone_sword":1,"minecraft:torch":8},"minecraft:killed":{"specialmobs:hungryzombie":1,"enemyexpansion:direwolf":1,"specialmobs:zombie":2},"minecraft:killed_by":{"specialmobs:zombie":1,"specialmobs:hungryzombie":1,"enemyexpansion:huntsman":1},"minecraft:mined":{"minecraft:crafting_table":3,"minecraft:torch":1,"minecraft:grass_block":1,"minecraft:tall_grass":1,"minecraft:copper_ore":5,"minecraft:spruce_leaves":11,"minecraft:sugar_cane":3,"minecraft:large_fern":1,"minecraft:sweet_berry_bush":14,"minecraft:spruce_log":18,"minecraft:grass":2,"minecraft:coal_ore":28,"minecraft:wither_skeleton_skull":1,"minecraft:stone":24},"minecraft:used":{"minecraft:stone_sword":28,"minecraft:wither_skeleton_skull":1,"minecraft:stone_pickaxe":47,"minecraft:wooden_pickaxe":10,"minecraft:sugar_cane":2,"minecraft:torch":2,"minecraft:crafting_table":4,"minecraft:wooden_axe":3,"minecraft:bread":2,"minecraft:stone_axe":3,"minecraft:cobblestone":3,"minecraft:sweet_berries":7},"minecraft:custom":{"minecraft:blood":0,"minecraft:interact_with_furnace":2,"minecraft:mob_kills":4,"minecraft:dexterity":0,"minecraft:intelligence":0,"minecraft:move_speed":0,"minecraft:interact_with_crafting_table":13,"minecraft:open_barrel":8,"minecraft:time_since_death":3111,"minecraft:climb_one_cm":1678,"minecraft:levels_gained":2,"minecraft:mana":60,"minecraft:time_since_rest":3152,"minecraft:magic_shield":0,"minecraft:sprint_one_cm":138664,"minecraft:walk_one_cm":134100,"minecraft:damage_taken":1569,"minecraft:damage_absorbed":645,"minecraft:drop":5,"minecraft:damage_dealt":1555,"minecraft:health":80,"minecraft:fly_one_cm":122792,"minecraft:swim_one_cm":13585,"minecraft:player_kills":1,"minecraft:open_chest":1,"minecraft:crouch_one_cm":4865,"minecraft:play_time":35418,"minecraft:deaths":3,"minecraft:sneak_time":879,"minecraft:walk_under_water_one_cm":2226,"minecraft:jump":496,"minecraft:energy":60,"minecraft:walk_on_water_one_cm":10613,"minecraft:strength":0,"minecraft:total_world_time":35418,"minecraft:fall_one_cm":16514}},"DataVersion":3465}