{"stats":{"minecraft:used":{"minecraft:wooden_axe":17,"minecraft:apple":8,"minecraft:birch_planks":75,"minecraft:bread":13,"minecraft:stone_pickaxe":4,"minecraft:iron_pickaxe":3,"minecraft:iron_helmet":1,"minecraft:wooden_pickaxe":8,"epicfight:stone_greatsword":19,"minecraft:stone_axe":1,"minecraft:iron_chestplate":1,"untamedwilds:flora_hemlock":7,"minecraft:sweet_berries":3,"minecraft:crafting_table":1},"minecraft:crafted":{"minecraft:stick":8,"minecraft:stone_sword":1,"minecraft:birch_planks":4,"minecraft:stone_axe":1,"minecraft:air":114},"minecraft:mined":{"minecraft:hay_block":12,"minecraft:birch_log":2,"minecraft:fire":12,"minecraft:sweet_berry_bush":23,"minecraft:spruce_log":1,"minecraft:birch_leaves":20,"treechop:chopped_log":3,"untamedwilds:flora_hemlock":11,"minecraft:crafting_table":1,"untamedwilds:flora_bush_temperate":1,"minecraft:cyan_stained_glass_pane":2,"minecraft:grass":7,"minecraft:flowering_azalea_leaves":1,"minecraft:white_stained_glass_pane":1,"minecraft:campfire":1,"minecraft:cobblestone":7,"minecraft:tall_grass":19,"minecraft:spruce_leaves":1,"minecraft:blue_orchid":1,"minecraft:stone":4,"minecraft:oak_leaves":35,"minecraft:deepslate":1,"minecraft:fern":2},"minecraft:custom":{"minecraft:time_since_rest":4653,"champions:champion_mobs_killed":2,"minecraft:sprint_one_cm":270829,"minecraft:damage_taken":624,"minecraft:walk_one_cm":342431,"minecraft:mob_kills":6,"minecraft:drop":10,"minecraft:damage_dealt":1508,"minecraft:interact_with_crafting_table":13,"minecraft:fly_one_cm":214983,"minecraft:open_chest":22,"minecraft:crouch_one_cm":4451,"minecraft:play_time":59446,"minecraft:sneak_time":658,"minecraft:walk_under_water_one_cm":2334,"minecraft:jump":902,"minecraft:walk_on_water_one_cm":169,"minecraft:leave_game":2,"minecraft:time_since_death":59446,"minecraft:sleep_in_bed":3,"minecraft:climb_one_cm":126,"minecraft:total_world_time":59446,"minecraft:fall_one_cm":20125,"minecraft:horse_one_cm":3096},"minecraft:dropped":{"minecraft:bread":12,"minecraft:birch_planks":14,"minecraft:wheat_seeds":1,"minecraft:wooden_axe":1,"minecraft:rotten_flesh":2,"immersive_weathering:ash_layer_block":4,"minecraft:rooted_dirt":2,"minecraft:stick":26},"minecraft:picked_up":{"minecraft:birch_log":26,"minecraft:charcoal":2,"minecraft:stick":15,"minecraft:crafting_table":1,"minecraft:sweet_berries":52,"minecraft:leather":8,"untamedwilds:flora_hemlock":9,"minecraft:spruce_log":1,"immersive_weathering:ash_layer_block":4,"minecraft:lantern":1,"minecraft:rotten_flesh":2,"untamedwilds:material_fat":8,"minecraft:wheat_seeds":1,"minecraft:hay_block":12,"minecraft:oak_sapling":1,"minecraft:birch_sapling":12,"minecraft:cobblestone":11},"minecraft:killed":{"minecraft:zombie":2,"lilwings:red_applefly_butterfly":1,"untamedwilds:bison":3}},"DataVersion":2975}