{"stats":{"minecraft:used":{"minecraft:birch_planks":75,"minecraft:stone_pickaxe":5,"minecraft:wooden_pickaxe":8,"minecraft:iron_chestplate":1,"minecraft:torch":1,"untamedwilds:flora_hemlock":7,"minecraft:crafting_table":1,"minecraft:wooden_axe":17,"minecraft:apple":8,"minecraft:bread":19,"minecraft:iron_pickaxe":3,"minecraft:iron_helmet":1,"create:asurine":1,"epicfight:stone_greatsword":19,"minecraft:stone_axe":8,"minecraft:sweet_berries":3},"minecraft:crafted":{"minecraft:birch_planks":4,"minecraft:stone_axe":1,"minecraft:air":118,"minecraft:stick":8,"minecraft:stone_sword":1},"minecraft:mined":{"minecraft:crafting_table":1,"minecraft:cyan_stained_glass_pane":2,"untamedwilds:flora_bush_temperate":3,"untamedwilds:flora_hemlock":12,"minecraft:white_stained_glass_pane":1,"minecraft:campfire":1,"minecraft:tall_grass":21,"minecraft:cobblestone":7,"minecraft:spruce_leaves":1,"minecraft:wall_torch":1,"minecraft:hay_block":12,"minecraft:birch_log":3,"minecraft:sweet_berry_bush":26,"minecraft:fire":12,"minecraft:spruce_log":1,"minecraft:birch_leaves":20,"treechop:chopped_log":4,"create:asurine":1,"minecraft:grass":10,"minecraft:flowering_azalea_leaves":1,"minecraft:stone":4,"minecraft:blue_orchid":1,"minecraft:oak_leaves":45,"minecraft:deepslate":1,"minecraft:fern":2},"minecraft:custom":{"minecraft:mob_kills":6,"minecraft:interact_with_crafting_table":13,"minecraft:eat_cake_slice":3,"minecraft:leave_game":2,"minecraft:time_since_death":71446,"minecraft:sleep_in_bed":5,"minecraft:climb_one_cm":126,"minecraft:time_since_rest":3980,"minecraft:sprint_one_cm":348316,"champions:champion_mobs_killed":2,"minecraft:damage_taken":777,"minecraft:walk_one_cm":392755,"minecraft:drop":24,"minecraft:damage_dealt":1514,"minecraft:fly_one_cm":272869,"minecraft:open_chest":24,"minecraft:crouch_one_cm":4997,"minecraft:play_time":71446,"minecraft:sneak_time":819,"minecraft:walk_under_water_one_cm":2334,"minecraft:jump":1090,"minecraft:walk_on_water_one_cm":609,"minecraft:total_world_time":71446,"minecraft:fall_one_cm":25872,"minecraft:horse_one_cm":3096},"minecraft:dropped":{"minecraft:bread":12,"minecraft:birch_planks":16,"minecraft:wheat_seeds":3,"untamedwilds:flora_bush_temperate":4,"minecraft:rotten_flesh":2,"minecraft:rooted_dirt":2,"immersive_weathering:ash_layer_block":4,"minecraft:stick":26,"minecraft:filled_map":1,"minecraft:torch":2,"minecraft:wooden_axe":1,"minecraft:writable_book":1,"minecraft:iron_pickaxe":1,"minecraft:paper":1,"untamedwilds:flora_hemlock":3},"minecraft:picked_up":{"minecraft:birch_log":31,"minecraft:charcoal":2,"minecraft:crafting_table":1,"minecraft:leather":8,"minecraft:filled_map":1,"minecraft:birch_planks":1,"untamedwilds:flora_hemlock":10,"immersive_weathering:ash_layer_block":4,"minecraft:lantern":1,"untamedwilds:material_fat":8,"minecraft:wheat_seeds":3,"minecraft:iron_pickaxe":1,"minecraft:birch_sapling":12,"minecraft:stick":16,"minecraft:sweet_berries":60,"minecraft:torch":2,"untamedwilds:flora_bush_temperate":4,"minecraft:spruce_log":1,"minecraft:rotten_flesh":2,"minecraft:hay_block":12,"create:asurine":1,"minecraft:oak_sapling":1,"minecraft:cobblestone":11},"minecraft:killed":{"minecraft:zombie":2,"lilwings:red_applefly_butterfly":1,"untamedwilds:bison":3}},"DataVersion":2975}