{"stats":{"minecraft:used":{"minecraft:wooden_axe":17,"minecraft:apple":8,"minecraft:birch_planks":29,"minecraft:bread":7,"minecraft:stone_pickaxe":4,"minecraft:iron_helmet":1,"minecraft:wooden_pickaxe":8,"epicfight:stone_greatsword":6,"minecraft:stone_axe":1,"minecraft:iron_chestplate":1,"minecraft:crafting_table":1},"minecraft:crafted":{"minecraft:stick":8,"minecraft:stone_sword":1,"minecraft:birch_planks":4,"minecraft:stone_axe":1,"minecraft:air":104},"minecraft:mined":{"minecraft:hay_block":12,"minecraft:birch_log":2,"minecraft:fire":12,"minecraft:sweet_berry_bush":9,"minecraft:spruce_log":1,"minecraft:birch_leaves":4,"treechop:chopped_log":3,"untamedwilds:flora_hemlock":2,"minecraft:crafting_table":1,"untamedwilds:flora_bush_temperate":1,"minecraft:cyan_stained_glass_pane":2,"minecraft:grass":1,"minecraft:flowering_azalea_leaves":1,"minecraft:white_stained_glass_pane":1,"minecraft:campfire":1,"minecraft:cobblestone":7,"minecraft:tall_grass":9,"minecraft:spruce_leaves":1,"minecraft:stone":4,"minecraft:oak_leaves":27,"minecraft:deepslate":1,"minecraft:fern":1},"minecraft:custom":{"minecraft:time_since_rest":24631,"champions:champion_mobs_killed":2,"minecraft:sprint_one_cm":188598,"minecraft:damage_taken":335,"minecraft:walk_one_cm":225797,"minecraft:mob_kills":2,"minecraft:drop":6,"minecraft:damage_dealt":406,"minecraft:interact_with_crafting_table":11,"minecraft:fly_one_cm":125972,"minecraft:open_chest":22,"minecraft:crouch_one_cm":2944,"minecraft:play_time":35446,"minecraft:sneak_time":411,"minecraft:walk_under_water_one_cm":2334,"minecraft:jump":518,"minecraft:walk_on_water_one_cm":157,"minecraft:leave_game":2,"minecraft:time_since_death":35446,"minecraft:sleep_in_bed":1,"minecraft:climb_one_cm":126,"minecraft:total_world_time":35446,"minecraft:fall_one_cm":10211,"minecraft:horse_one_cm":3096},"minecraft:dropped":{"minecraft:wooden_axe":1,"minecraft:rotten_flesh":2,"immersive_weathering:ash_layer_block":2,"minecraft:rooted_dirt":2,"minecraft:stick":26},"minecraft:picked_up":{"minecraft:birch_log":26,"minecraft:charcoal":2,"minecraft:stick":15,"minecraft:crafting_table":1,"minecraft:sweet_berries":22,"minecraft:spruce_log":1,"immersive_weathering:ash_layer_block":4,"minecraft:lantern":1,"minecraft:rotten_flesh":2,"minecraft:hay_block":12,"minecraft:oak_sapling":1,"minecraft:birch_sapling":11,"minecraft:cobblestone":11},"minecraft:killed":{"minecraft:zombie":2}},"DataVersion":2975}