{"stats":{"minecraft:used":{"minecraft:birch_planks":120,"minecraft:stone_pickaxe":9,"minecraft:wooden_pickaxe":8,"minecraft:iron_chestplate":1,"minecraft:torch":5,"minecraft:mossy_cobblestone":6,"minecraft:dirt":2,"untamedwilds:flora_hemlock":7,"minecraft:crafting_table":2,"minecraft:wooden_axe":17,"minecraft:apple":28,"minecraft:map":1,"minecraft:bread":24,"minecraft:iron_pickaxe":3,"minecraft:iron_helmet":1,"create:asurine":1,"epicfight:stone_greatsword":55,"minecraft:stone_axe":44,"minecraft:cobblestone":7,"minecraft:purple_bed":1,"minecraft:sweet_berries":3,"minecraft:potato":9},"minecraft:crafted":{"minecraft:birch_planks":4,"minecraft:stone_axe":1,"minecraft:air":282,"minecraft:stick":8,"minecraft:stone_sword":1},"minecraft:custom":{"minecraft:mob_kills":15,"minecraft:interact_with_crafting_table":15,"minecraft:open_barrel":11,"minecraft:eat_cake_slice":3,"minecraft:leave_game":4,"minecraft:time_since_death":2672,"minecraft:sleep_in_bed":6,"minecraft:climb_one_cm":7213,"minecraft:time_since_rest":2699,"champions:champion_mobs_killed":9,"minecraft:sprint_one_cm":491519,"minecraft:damage_taken":2075,"minecraft:walk_one_cm":605691,"minecraft:drop":34,"minecraft:damage_dealt":5120,"minecraft:swim_one_cm":9448,"minecraft:fly_one_cm":499977,"minecraft:open_chest":25,"minecraft:crouch_one_cm":22391,"minecraft:play_time":112139,"minecraft:deaths":3,"minecraft:sneak_time":3993,"minecraft:walk_under_water_one_cm":7348,"minecraft:jump":1885,"minecraft:walk_on_water_one_cm":6167,"minecraft:total_world_time":112139,"minecraft:fall_one_cm":42863,"minecraft:inspect_dispenser":2,"minecraft:horse_one_cm":3096},"minecraft:mined":{"minecraft:spruce_planks":5,"minecraft:cyan_stained_glass_pane":2,"minecraft:crafting_table":2,"untamedwilds:flora_bush_temperate":5,"minecraft:torch":3,"untamedwilds:flora_hemlock":12,"minecraft:grass_block":1,"minecraft:white_stained_glass_pane":1,"minecraft:campfire":1,"minecraft:cobblestone":10,"minecraft:tall_grass":21,"minecraft:spruce_leaves":1,"minecraft:wall_torch":1,"minecraft:hay_block":12,"minecraft:birch_planks":25,"minecraft:purple_bed":2,"minecraft:birch_log":3,"minecraft:fire":12,"minecraft:sweet_berry_bush":26,"minecraft:spruce_log":1,"minecraft:birch_leaves":20,"treechop:chopped_log":4,"create:asurine":1,"minecraft:grass":10,"minecraft:flowering_azalea_leaves":1,"minecraft:dirt":1,"minecraft:crimson_planks":3,"minecraft:blue_orchid":1,"minecraft:stone":4,"minecraft:oak_leaves":45,"minecraft:infested_stone":1,"minecraft:deepslate":1,"minecraft:fern":2},"minecraft:killed_by":{"minecraft:vindicator":2,"bloodandmadness:silverbeast":1},"minecraft:dropped":{"minecraft:bread":12,"minecraft:birch_planks":16,"minecraft:wheat_seeds":3,"minecraft:stone_sword":1,"minecraft:mossy_cobblestone":6,"untamedwilds:flora_bush_temperate":4,"minecraft:rotten_flesh":2,"immersive_weathering:ash_layer_block":4,"minecraft:rooted_dirt":2,"minecraft:apple":14,"minecraft:stick":26,"minecraft:emerald":15,"minecraft:filled_map":3,"dawncraft:crystallized_xp":1,"minecraft:torch":2,"minecraft:wooden_axe":1,"apotheosis:gem":1,"minecraft:map":1,"minecraft:writable_book":1,"minecraft:iron_pickaxe":1,"minecraft:paper":1,"untamedwilds:flora_hemlock":3},"minecraft:picked_up":{"minecraft:birch_log":31,"minecraft:charcoal":2,"minecraft:crafting_table":2,"dawncraft:crystallized_xp":1,"minecraft:leather":9,"minecraft:birch_planks":26,"minecraft:filled_map":2,"untamedwilds:flora_hemlock":10,"minecraft:map":1,"immersive_weathering:ash_layer_block":4,"minecraft:dirt":2,"minecraft:lantern":1,"minecraft:bone":1,"minecraft:apple":14,"untamedwilds:material_fat":8,"minecraft:wheat_seeds":3,"minecraft:iron_pickaxe":1,"minecraft:birch_sapling":12,"apotheosis:gem":1,"minecraft:stick":16,"minecraft:sweet_berries":60,"minecraft:torch":5,"untamedwilds:flora_bush_temperate":4,"minecraft:porkchop":2,"minecraft:spruce_log":1,"minecraft:mossy_cobblestone":6,"minecraft:purple_bed":2,"minecraft:rotten_flesh":2,"minecraft:hay_block":12,"create:asurine":1,"minecraft:emerald":16,"minecraft:oak_sapling":1,"minecraft:cobblestone":14},"minecraft:killed":{"minecraft:vindicator":4,"untamedwilds:boar":1,"minecraft:pillager":3,"minecraft:zombie":2,"lilwings:red_applefly_butterfly":1,"untamedwilds:bison":3}},"DataVersion":2975}