{"stats":{"minecraft:killed":{"minecraft:zombie":1},"minecraft:killed_by":{"grimoireofgaia:minotaurus":1},"minecraft:picked_up":{"minecraft:oak_log":3,"minecraft:oak_sapling":1},"minecraft:mined":{"minecraft:grass":2,"minecraft:oak_log":3,"minecraft:tall_grass":3,"minecraft:oak_leaves":4},"minecraft:custom":{"minecraft:time_since_rest":1655,"minecraft:deaths":1,"minecraft:crouch_one_cm":32,"minecraft:play_time":5141,"minecraft:sprint_one_cm":6748,"minecraft:damage_taken":345,"tombstone:undead_killed":1,"minecraft:walk_one_cm":4871,"minecraft:sneak_time":287,"minecraft:mob_kills":1,"minecraft:jump":69,"minecraft:damage_dealt":277,"minecraft:time_since_death":1818,"minecraft:walk_on_water_one_cm":11,"minecraft:total_world_time":5141,"minecraft:climb_one_cm":529,"minecraft:fall_one_cm":1283,"minecraft:fly_one_cm":106720}},"DataVersion":3465}