{"stats":{"minecraft:crafted":{"minecraft:crafting_table":2,"minecraft:spruce_planks":88,"minecraft:wooden_pickaxe":2,"minecraft:stone_axe":2,"minecraft:stick":16,"minecraft:stone_pickaxe":1,"minecraft:wooden_axe":1,"minecraft:stone_sword":1,"minecraft:torch":8},"minecraft:used":{"minecraft:stone_sword":61,"minecraft:wither_skeleton_skull":1,"minecraft:stone_pickaxe":55,"minecraft:baked_potato":2,"minecraft:wooden_pickaxe":10,"minecraft:sugar_cane":2,"minecraft:torch":3,"minecraft:crafting_table":4,"minecraft:wooden_axe":3,"minecraft:bread":2,"minecraft:stone_axe":11,"minecraft:cobblestone":3,"minecraft:sweet_berries":7},"minecraft:mined":{"minecraft:crafting_table":4,"minecraft:torch":1,"minecraft:grass_block":1,"minecraft:tall_grass":1,"minecraft:copper_ore":5,"minecraft:spruce_leaves":12,"minecraft:sugar_cane":3,"minecraft:wall_torch":1,"minecraft:large_fern":1,"minecraft:furnace":1,"minecraft:sweet_berry_bush":14,"minecraft:spruce_log":24,"minecraft:birch_leaves":4,"minecraft:grass":2,"minecraft:coal_ore":34,"minecraft:lantern":1,"minecraft:wither_skeleton_skull":1,"minecraft:stone":24},"minecraft:killed_by":{"specialmobs:zombie":1,"specialmobs:hungryzombie":1,"enemyexpansion:huntsman":1},"minecraft:picked_up":{"minecraft:crafting_table":6,"quark:hollow_spruce_log":3,"minecraft:wooden_pickaxe":1,"minecraft:potato":52,"minecraft:wither_skeleton_skull":1,"minecraft:dirt":3,"minecraft:string":4,"minecraft:lantern":1,"minecraft:raw_copper":34,"minecraft:bone":2,"minecraft:bow":2,"minecraft:wheat_seeds":2,"minecraft:spruce_planks":7,"minecraft:stone_pickaxe":3,"minecraft:birch_sapling":1,"minecraft:sugar_cane":8,"mmorpg:offhand/tome/iron":2,"minecraft:iron_sword":3,"minecraft:iron_boots":1,"minecraft:furnace":1,"minecraft:stick":6,"minecraft:sweet_berries":36,"minecraft:torch":10,"minecraft:spruce_sapling":5,"minecraft:cookie":1,"mmorpg:weapon/staff/wood":4,"minecraft:spruce_log":22,"minecraft:spectral_arrow":2,"alexsmobs:animal_dictionary":1,"minecraft:stone_sword":2,"minecraft:arrow":3,"minecraft:rotten_flesh":2,"minecraft:bread":2,"minecraft:baked_potato":3,"minecraft:coal":103,"minecraft:cobblestone":45},"minecraft:custom":{"minecraft:blood":0,"minecraft:interact_with_furnace":2,"minecraft:mob_kills":8,"minecraft:dexterity":0,"minecraft:intelligence":0,"minecraft:move_speed":0,"minecraft:interact_with_crafting_table":15,"minecraft:open_barrel":11,"minecraft:leave_game":4,"minecraft:time_since_death":18053,"minecraft:climb_one_cm":3554,"minecraft:levels_gained":2,"minecraft:mana":60,"minecraft:time_since_rest":18094,"minecraft:magic_shield":0,"minecraft:sprint_one_cm":210779,"minecraft:damage_absorbed":696,"minecraft:damage_taken":1994,"minecraft:walk_one_cm":186841,"minecraft:drop":8,"minecraft:damage_dealt":2145,"minecraft:health":80,"minecraft:player_kills":1,"minecraft:swim_one_cm":13585,"minecraft:fly_one_cm":195028,"minecraft:open_chest":2,"minecraft:crouch_one_cm":6187,"minecraft:play_time":50360,"minecraft:deaths":3,"minecraft:sneak_time":1089,"minecraft:walk_under_water_one_cm":2259,"minecraft:jump":795,"minecraft:energy":60,"minecraft:walk_on_water_one_cm":10742,"minecraft:strength":0,"minecraft:total_world_time":50360,"minecraft:fall_one_cm":23159},"minecraft:killed":{"specialmobs:hungryzombie":1,"enemyexpansion:direwolf":2,"specialmobs:skeleton":2,"specialmobs:zombie":2,"specialmobs:spider":1},"minecraft:dropped":{"minecraft:baked_potato":1,"minecraft:stone_sword":1,"minecraft:rotten_flesh":1,"minecraft:torch":1,"mmorpg:offhand/tome/iron":1,"minecraft:stone_pickaxe":1,"minecraft:string":2,"minecraft:bone":1}},"DataVersion":3465}