{"stats":{"minecraft:crafted":{"minecraft:oak_planks":36,"minecraft:crafting_table":3,"minecraft:wooden_pickaxe":1,"minecraft:jungle_planks":16,"minecraft:oak_boat":1,"minecraft:stick":8,"minecraft:wooden_axe":1,"minecraft:gold_ingot":1},"minecraft:used":{"minecraft:golden_boots":1,"minecraft:wither_skeleton_skull":1,"minecraft:baked_potato":1,"minecraft:iron_sword":12,"minecraft:chainmail_helmet":1,"supplementaries:slingshot":2,"minecraft:crafting_table":3,"minecraft:chainmail_chestplate":2,"minecraft:golden_chestplate":3,"minecraft:wooden_axe":11,"minecraft:melon_slice":6,"minecraft:gravel":8,"minecraft:golden_sword":1,"minecraft:chainmail_boots":1,"minecraft:oak_boat":2,"minecraft:golden_axe":1,"minecraft:chainmail_leggings":1},"minecraft:killed_by":{"specialmobs:skeleton":1,"duckensinvasion:archer_duck":1,"duckensinvasion:footsoldier_duck":1},"minecraft:mined":{"supplementaries:book_pile_horizontal":1,"minecraft:melon":3,"minecraft:jungle_log":4,"minecraft:tall_grass":9,"minecraft:sugar_cane":3,"minecraft:black_stained_glass_pane":2,"minecraft:red_candle":1,"minecraft:brown_bed":1,"minecraft:grass":4,"minecraft:oak_log":9,"minecraft:vine":1,"minecraft:gravel":8,"minecraft:wither_skeleton_skull":1,"minecraft:oak_leaves":6,"minecraft:fern":1},"minecraft:dropped":{"minecraft:jungle_planks":7,"minecraft:salmon":30,"minecraft:cod":12,"mmorpg:gems/garnet/0":1},"minecraft:killed":{"duckensinvasion:footsoldier_duck":1},"minecraft:custom":{"minecraft:blood":0,"minecraft:mob_kills":2,"minecraft:dexterity":0,"minecraft:intelligence":0,"minecraft:move_speed":0,"minecraft:interact_with_crafting_table":5,"minecraft:open_barrel":16,"minecraft:damage_dealt_resisted":43,"minecraft:time_since_death":4936,"minecraft:climb_one_cm":5643,"minecraft:mana":50,"minecraft:time_since_rest":4959,"minecraft:waystone_activated":1,"minecraft:magic_shield":0,"minecraft:damage_absorbed":143,"minecraft:sprint_one_cm":167296,"minecraft:damage_taken":1997,"minecraft:walk_one_cm":90619,"minecraft:drop":4,"minecraft:damage_dealt":435,"minecraft:health":70,"minecraft:swim_one_cm":29434,"minecraft:talked_to_villager":1,"minecraft:fly_one_cm":254725,"minecraft:open_chest":13,"minecraft:crouch_one_cm":3616,"minecraft:play_time":25525,"minecraft:deaths":4,"minecraft:sneak_time":694,"minecraft:walk_under_water_one_cm":3229,"minecraft:boat_one_cm":85455,"minecraft:jump":535,"minecraft:energy":50,"minecraft:walk_on_water_one_cm":7195,"minecraft:strength":0,"minecraft:total_world_time":25525,"minecraft:fall_one_cm":29956},"minecraft:picked_up":{"minecraft:jungle_log":4,"minecraft:brown_bed":1,"minecraft:oak_log":9,"minecraft:wither_skeleton_skull":1,"minecraft:oak_sign":2,"minecraft:bow":7,"minecraft:oak_boat":1,"minecraft:melon_slice":13,"minecraft:sugar_cane":6,"minecraft:gravel":8,"minecraft:jungle_planks":7,"minecraft:writable_book":1,"mmorpg:offhand/dodge/iron":1}},"DataVersion":3465}