{"stats":{"minecraft:killed_by":{"specialmobs:skeleton":3,"specialmobs:zombie":8,"iceandfire:ghost":1},"minecraft:used":{"specialmobs:drowningcreeper_spawn_egg":1,"minecraft:stone_sword":30,"iceandfire:silver_sword":222,"specialmobs:ghast_spawn_egg":1,"minecraft:shield":9,"minecraft:rotten_flesh":2,"minecraft:iron_chestplate":1,"minecraft:stick":1,"specialmobs:deathcreeper_spawn_egg":1,"minecraft:dirt":6,"specialmobs:strayskeleton_spawn_egg":1,"specialmobs:runicenderman_spawn_egg":1,"minecraft:grass_block":1,"minecraft:dark_oak_slab":2,"specialmobs:webspider_spawn_egg":1,"specialmobs:bruteskeleton_spawn_egg":1,"specialmobs:jumpingcreeper_spawn_egg":1,"minecraft:furnace":2,"minecraft:cooked_cod":1,"specialmobs:gravelcreeper_spawn_egg":2,"minecraft:gold_block":20,"tombstone:gift":2,"specialmobs:strawberryslime_spawn_egg":1,"minecraft:iron_leggings":1,"specialmobs:splittingcreeper_spawn_egg":1,"rats:archeologist_hat":1,"specialmobs:thiefenderman_spawn_egg":1,"minecraft:oak_planks":31,"minecraft:stone_pickaxe":2,"minecraft:mangrove_planks":18,"specialmobs:queenghast_spawn_egg":1,"specialmobs:mirageenderman_spawn_egg":1,"specialmobs:spitfirewitherskeleton_spawn_egg":1,"specialmobs:creeper_spawn_egg":2,"minecraft:oak_slab":6,"minecraft:crafting_table":3,"specialmobs:darkcreeper_spawn_egg":1,"specialmobs:drowned_spawn_egg":1,"minecraft:redstone_torch":7,"minecraft:bread":19,"minecraft:iron_pickaxe":114,"minecraft:stone_axe":26,"minecraft:cobblestone":29,"specialmobs:conflagrationblaze_spawn_egg":1,"specialmobs:brutezombie_spawn_egg":1,"specialmobs:doomcreeper_spawn_egg":2,"minecraft:pumpkin_pie":2,"specialmobs:babycavespider_spawn_egg":1,"specialmobs:zombifiedpiglin_spawn_egg":1},"minecraft:mined":{"minecraft:dark_oak_planks":1,"create:zinc_ore":3,"minecraft:red_nether_bricks":1,"minecraft:grass_block":1,"minecraft:spruce_leaves":1,"minecraft:spawner":3,"minecraft:hay_block":20,"minecraft:furnace":2,"minecraft:iron_ore":15,"minecraft:dark_oak_stairs":1,"supplementaries:stick":1,"minecraft:vine":1,"minecraft:stone":43,"minecraft:mangrove_stairs":1,"minecraft:crafting_table":2,"minecraft:cobblestone":1,"minecraft:sugar_cane":2,"minecraft:purple_bed":2,"minecraft:dark_oak_slab":1,"minecraft:wither_rose":1,"minecraft:grass":1,"minecraft:coal_ore":35,"minecraft:oak_log":18,"minecraft:gray_carpet":2,"minecraft:tripwire_hook":1,"minecraft:gold_ore":1,"minecraft:oak_leaves":6},"minecraft:crafted":{"minecraft:oak_planks":64,"minecraft:furnace":1,"minecraft:stone_pickaxe":1,"minecraft:wheat":45,"minecraft:cooked_cod":1,"minecraft:cooked_porkchop":1,"minecraft:crafting_table":2,"minecraft:mangrove_planks":20,"minecraft:stone_axe":1,"minecraft:bread":15,"minecraft:air":0,"minecraft:iron_chestplate":1,"minecraft:shield":2,"minecraft:stick":8,"minecraft:iron_ingot":13,"minecraft:iron_pickaxe":1,"minecraft:stone_sword":1,"minecraft:torch":16},"minecraft:custom":{"minecraft:mob_kills":56,"minecraft:interact_with_crafting_table":20,"minecraft:open_barrel":18,"minecraft:eat_cake_slice":2,"minecraft:leave_game":2,"minecraft:time_since_death":1690,"minecraft:climb_one_cm":2267,"minecraft:sprint_one_cm":132396,"minecraft:walk_one_cm":140771,"minecraft:damage_blocked_by_shield":570,"minecraft:drop":25,"minecraft:play_noteblock":3,"minecraft:play_time":66555,"minecraft:deaths":13,"minecraft:sneak_time":9853,"minecraft:walk_under_water_one_cm":6679,"minecraft:jump":1001,"minecraft:interact_with_blast_furnace":1,"minecraft:walk_on_water_one_cm":14684,"minecraft:total_world_time":66555,"minecraft:interact_with_furnace":23,"minecraft:time_since_rest":1652,"minecraft:damage_taken":4965,"minecraft:trigger_trapped_chest":1,"minecraft:damage_dealt":14804,"minecraft:swim_one_cm":15754,"minecraft:fly_one_cm":189709,"minecraft:open_chest":3,"minecraft:crouch_one_cm":34470,"tombstone:undead_killed":45,"minecraft:fall_one_cm":29027},"minecraft:picked_up":{"minecraft:crafting_table":2,"iceandfire:witherbone":1,"minecraft:wooden_pickaxe":1,"minecraft:wither_rose":1,"minecraft:enchanted_book":1,"minecraft:string":2,"minecraft:red_nether_bricks":1,"minecraft:cyan_carpet":6,"minecraft:redstone_torch":1,"minecraft:sugar_cane":3,"minecraft:furnace":2,"minecraft:tipped_arrow":1,"minecraft:stick":8,"minecraft:raw_iron":15,"minecraft:stripped_mangrove_wood":5,"minecraft:bowl":1,"minecraft:fire_charge":1,"minecraft:porkchop":1,"tombstone:grave_dust":10,"minecraft:mangrove_stairs":1,"minecraft:stone_sword":3,"minecraft:arrow":6,"minecraft:rotten_flesh":6,"minecraft:hay_block":35,"tombstone:essence_of_undeath":2,"supplementaries:ash":1,"minecraft:cod":2,"minecraft:cobblestone":46,"minecraft:feather":1,"minecraft:tripwire_hook":1,"create:raw_zinc":2,"minecraft:oak_log":18,"iceandfire:ectoplasm":1,"minecraft:dirt":13,"tombstone:gift":1,"minecraft:bone":7,"minecraft:gray_carpet":2,"minecraft:raw_gold":1,"rats:archeologist_hat":1,"minecraft:oak_planks":4,"minecraft:dark_oak_slab":2,"minecraft:stone_axe":1,"minecraft:painting":6,"minecraft:bread":8,"tombstone:magic_scroll":1,"minecraft:coal":77},"minecraft:dropped":{"minecraft:enchanted_book":1,"minecraft:bread":12,"minecraft:cooked_porkchop":1,"minecraft:iron_helmet":1,"minecraft:cobblestone":2,"minecraft:stick":5,"tombstone:magic_scroll":1,"minecraft:tripwire_hook":1,"minecraft:stone_axe":1,"tombstone:familiar_stone":1,"minecraft:stone_sword":3,"minecraft:bowl":1,"tombstone:gift":1,"minecraft:oak_planks":2,"minecraft:tipped_arrow":1,"minecraft:shield":1,"minecraft:painting":2,"minecraft:red_nether_bricks":1},"minecraft:killed":{"specialmobs:strayskeleton":1,"specialmobs:poisonskeleton":1,"alexsmobs:seagull":1,"specialmobs:spitfirewitherskeleton":1,"specialmobs:skeleton":3,"rats:pied_piper":1,"specialmobs:zombie":30,"specialmobs:plaguezombie":1,"graveyard:ghoul":3,"enemyexpansion:sprinter":1,"specialmobs:watercavespider":1,"iceandfire:ghost":2,"specialmobs:gatlingskeleton":1,"enemyexpansion:botfly":3,"specialmobs:hungrydrowned":1,"specialmobs:spider":2}},"DataVersion":3465}