{"stats":{"minecraft:mined":{"minecraft:grass":2,"minecraft:oak_log":3,"minecraft:tall_grass":3,"minecraft:oak_leaves":4},"minecraft:used":{"minecraft:flint_and_steel":4,"minecraft:obsidian":27},"minecraft:custom":{"minecraft:time_since_rest":24959,"minecraft:damage_taken":345,"minecraft:crouch_one_cm":632,"minecraft:deaths":1,"minecraft:sprint_one_cm":10996,"minecraft:play_time":28445,"tombstone:undead_killed":1,"minecraft:walk_one_cm":9083,"minecraft:sneak_time":1713,"minecraft:mob_kills":1,"minecraft:jump":118,"minecraft:damage_dealt":277,"minecraft:leave_game":1,"minecraft:time_since_death":25122,"minecraft:walk_on_water_one_cm":11,"minecraft:climb_one_cm":529,"minecraft:total_world_time":28445,"minecraft:fall_one_cm":1283,"minecraft:fly_one_cm":438817},"minecraft:picked_up":{"minecraft:diamond_sword":2,"minecraft:oak_log":3,"minecraft:oak_sapling":1},"minecraft:killed_by":{"grimoireofgaia:minotaurus":1},"minecraft:killed":{"minecraft:zombie":1}},"DataVersion":3465}