{"stats":{"minecraft:used":{"minecraft:wooden_axe":17,"minecraft:birch_planks":22,"minecraft:bread":7,"minecraft:stone_pickaxe":4,"minecraft:iron_helmet":1,"minecraft:wooden_pickaxe":8,"epicfight:stone_greatsword":4,"minecraft:stone_axe":1,"minecraft:iron_chestplate":1,"minecraft:crafting_table":1},"minecraft:crafted":{"minecraft:stick":8,"minecraft:stone_sword":1,"minecraft:birch_planks":4,"minecraft:stone_axe":1,"minecraft:air":104},"minecraft:mined":{"minecraft:hay_block":12,"minecraft:birch_log":2,"minecraft:fire":12,"minecraft:spruce_log":1,"minecraft:birch_leaves":4,"treechop:chopped_log":3,"minecraft:crafting_table":1,"untamedwilds:flora_bush_temperate":1,"minecraft:cyan_stained_glass_pane":2,"minecraft:grass":1,"minecraft:flowering_azalea_leaves":1,"minecraft:white_stained_glass_pane":1,"minecraft:cobblestone":7,"minecraft:tall_grass":3,"minecraft:spruce_leaves":1,"minecraft:stone":4,"minecraft:oak_leaves":7,"minecraft:deepslate":1,"minecraft:fern":1},"minecraft:custom":{"minecraft:time_since_rest":12631,"champions:champion_mobs_killed":2,"minecraft:sprint_one_cm":120359,"minecraft:damage_taken":236,"minecraft:walk_one_cm":164949,"minecraft:mob_kills":2,"minecraft:drop":1,"minecraft:damage_dealt":406,"minecraft:interact_with_crafting_table":9,"minecraft:fly_one_cm":54276,"minecraft:open_chest":18,"minecraft:crouch_one_cm":2390,"minecraft:play_time":23446,"minecraft:sneak_time":324,"minecraft:walk_under_water_one_cm":2334,"minecraft:jump":273,"minecraft:walk_on_water_one_cm":157,"minecraft:leave_game":2,"minecraft:time_since_death":23446,"minecraft:sleep_in_bed":1,"minecraft:climb_one_cm":126,"minecraft:total_world_time":23446,"minecraft:fall_one_cm":5029,"minecraft:horse_one_cm":3096},"minecraft:dropped":{"minecraft:rotten_flesh":2},"minecraft:picked_up":{"minecraft:birch_log":26,"minecraft:stick":2,"minecraft:crafting_table":1,"minecraft:spruce_log":1,"immersive_weathering:ash_layer_block":2,"minecraft:lantern":1,"minecraft:rotten_flesh":2,"minecraft:hay_block":12,"minecraft:oak_sapling":1,"minecraft:birch_sapling":11,"minecraft:cobblestone":11},"minecraft:killed":{"minecraft:zombie":2}},"DataVersion":2975}