{"stats":{"minecraft:picked_up":{"minecraft:stick":3,"minecraft:sweet_berries":33,"minecraft:potato":48,"minecraft:spruce_sapling":5,"mmorpg:weapon/staff/wood":3,"minecraft:spruce_log":17,"minecraft:wither_skeleton_skull":1,"minecraft:dirt":1,"minecraft:rotten_flesh":1,"minecraft:wheat_seeds":1,"minecraft:sugar_cane":5,"minecraft:cobblestone":10},"minecraft:crafted":{"minecraft:crafting_table":2,"minecraft:spruce_planks":68,"minecraft:stick":12,"minecraft:wooden_pickaxe":2,"minecraft:stone_pickaxe":1,"minecraft:wooden_axe":1,"minecraft:stone_axe":1},"minecraft:killed_by":{"specialmobs:zombie":1,"enemyexpansion:huntsman":1},"minecraft:killed":{"specialmobs:zombie":2,"enemyexpansion:direwolf":1},"minecraft:mined":{"minecraft:large_fern":1,"minecraft:sweet_berry_bush":13,"minecraft:spruce_log":18,"minecraft:grass":2,"minecraft:grass_block":1,"minecraft:tall_grass":1,"minecraft:spruce_leaves":11,"minecraft:wither_skeleton_skull":1,"minecraft:stone":10,"minecraft:sugar_cane":3},"minecraft:used":{"minecraft:wooden_axe":3,"minecraft:wither_skeleton_skull":1,"minecraft:wooden_pickaxe":10,"minecraft:sugar_cane":2,"minecraft:sweet_berries":4,"minecraft:crafting_table":1},"minecraft:custom":{"minecraft:time_since_rest":13678,"minecraft:blood":0,"minecraft:magic_shield":0,"minecraft:sprint_one_cm":102875,"minecraft:damage_absorbed":365,"minecraft:damage_taken":983,"minecraft:walk_one_cm":81588,"minecraft:mob_kills":3,"minecraft:dexterity":0,"minecraft:intelligence":0,"minecraft:damage_dealt":566,"minecraft:health":70,"minecraft:move_speed":0,"minecraft:swim_one_cm":13585,"minecraft:interact_with_crafting_table":9,"minecraft:fly_one_cm":92661,"minecraft:open_barrel":8,"minecraft:crouch_one_cm":3855,"minecraft:play_time":23418,"minecraft:deaths":2,"minecraft:sneak_time":653,"minecraft:walk_under_water_one_cm":865,"minecraft:jump":305,"minecraft:energy":50,"minecraft:walk_on_water_one_cm":4826,"minecraft:time_since_death":13650,"minecraft:strength":0,"minecraft:total_world_time":23418,"minecraft:climb_one_cm":1678,"minecraft:fall_one_cm":9548,"minecraft:mana":50}},"DataVersion":3465}