{"stats":{"minecraft:used":{"minecraft:flint_and_steel":4,"minecraft:obsidian":27},"minecraft:killed":{"minecraft:zombie":1},"minecraft:killed_by":{"grimoireofgaia:minotaurus":1},"minecraft:picked_up":{"minecraft:diamond_sword":2,"minecraft:oak_log":3,"minecraft:oak_sapling":1},"minecraft:mined":{"minecraft:grass":2,"minecraft:oak_log":3,"minecraft:tall_grass":3,"minecraft:oak_leaves":4},"minecraft:custom":{"minecraft:time_since_rest":24499,"minecraft:deaths":1,"minecraft:crouch_one_cm":632,"minecraft:play_time":27985,"minecraft:sprint_one_cm":10996,"minecraft:damage_taken":345,"tombstone:undead_killed":1,"minecraft:walk_one_cm":9083,"minecraft:sneak_time":1713,"minecraft:mob_kills":1,"minecraft:jump":118,"minecraft:damage_dealt":277,"minecraft:leave_game":1,"minecraft:time_since_death":24662,"minecraft:walk_on_water_one_cm":11,"minecraft:total_world_time":27985,"minecraft:climb_one_cm":529,"minecraft:fall_one_cm":1283,"minecraft:fly_one_cm":438817}},"DataVersion":3465}