{"stats":{"minecraft:crafted":{"minecraft:oak_planks":20,"minecraft:crafting_table":1},"minecraft:picked_up":{"minecraft:oak_sign":2,"minecraft:oak_log":5,"dragonfinder:fire_dragon_eye":1,"minecraft:egg":1},"minecraft:mined":{"minecraft:grass":1,"minecraft:black_stained_glass_pane":2,"minecraft:oak_log":5,"minecraft:tall_grass":2},"minecraft:dropped":{"minecraft:mud_bricks":1},"minecraft:custom":{"minecraft:open_barrel":1,"minecraft:time_since_rest":16537,"minecraft:blood":0,"minecraft:magic_shield":0,"minecraft:crouch_one_cm":266,"minecraft:damage_absorbed":42,"minecraft:sprint_one_cm":12573,"minecraft:play_time":16537,"minecraft:damage_taken":312,"minecraft:walk_one_cm":16467,"minecraft:sneak_time":1263,"minecraft:walk_under_water_one_cm":163,"minecraft:drop":1,"minecraft:dexterity":0,"minecraft:jump":106,"minecraft:intelligence":0,"minecraft:walk_on_water_one_cm":860,"minecraft:energy":50,"minecraft:damage_dealt":54,"minecraft:leave_game":2,"minecraft:health":70,"minecraft:time_since_death":16537,"minecraft:move_speed":0,"minecraft:strength":0,"minecraft:total_world_time":16537,"minecraft:climb_one_cm":1693,"minecraft:interact_with_crafting_table":1,"minecraft:fall_one_cm":4312,"minecraft:mana":50,"minecraft:fly_one_cm":1022433},"minecraft:used":{"minecraft:crafting_table":1,"minecraft:oak_planks":3,"minecraft:splash_potion":6,"minecraft:mud_bricks":2}},"DataVersion":3465}