{"stats":{"minecraft:crafted":{"minecraft:oak_planks":16,"minecraft:crafting_table":2,"minecraft:spruce_planks":88,"minecraft:wooden_pickaxe":2,"minecraft:bucket":1,"minecraft:stone_axe":2,"minecraft:stick":16,"minecraft:stone_pickaxe":1,"minecraft:wooden_axe":1,"minecraft:stone_sword":2,"minecraft:torch":8},"minecraft:used":{"minecraft:water_bucket":4,"minecraft:stone_sword":61,"minecraft:wither_skeleton_skull":1,"minecraft:stone_pickaxe":55,"minecraft:baked_potato":2,"minecraft:oak_planks":16,"minecraft:wooden_pickaxe":10,"minecraft:iron_sword":81,"minecraft:sugar_cane":2,"minecraft:cookie":1,"minecraft:torch":7,"minecraft:golden_apple":1,"minecraft:crafting_table":5,"minecraft:milk_bucket":1,"minecraft:wooden_axe":3,"minecraft:bread":4,"minecraft:stone_axe":12,"minecraft:cobblestone":3,"minecraft:sweet_berries":18,"quark:hollow_spruce_log":3,"minecraft:bucket":5},"minecraft:mined":{"minecraft:crafting_table":4,"minecraft:torch":2,"minecraft:grass_block":2,"minecraft:decorated_pot":1,"minecraft:tall_grass":1,"minecraft:copper_ore":5,"minecraft:spruce_leaves":19,"minecraft:sugar_cane":7,"minecraft:wall_torch":3,"minecraft:large_fern":2,"minecraft:furnace":1,"minecraft:sweet_berry_bush":33,"minecraft:spruce_log":24,"minecraft:birch_leaves":4,"minecraft:grass":3,"minecraft:coal_ore":34,"minecraft:lantern":1,"minecraft:flower_pot":1,"minecraft:wither_skeleton_skull":1,"minecraft:stone":24,"minecraft:oak_leaves":1,"minecraft:fern":2},"minecraft:killed_by":{"specialmobs:zombie":1,"specialmobs:hungryzombie":1,"enemyexpansion:huntsman":1},"minecraft:picked_up":{"minecraft:crafting_table":8,"minecraft:wheat":1,"minecraft:feather":3,"minecraft:flower_pot":1,"quark:hollow_spruce_log":3,"alexsmobs:bear_fur":2,"minecraft:wooden_pickaxe":1,"enemyexpansion:wasp_thorax":2,"minecraft:potato":52,"minecraft:oak_log":4,"minecraft:shield":1,"minecraft:wither_skeleton_skull":1,"minecraft:dirt":5,"minecraft:string":4,"minecraft:lantern":1,"minecraft:raw_copper":34,"minecraft:iron_leggings":1,"minecraft:bone":4,"minecraft:bow":3,"minecraft:wheat_seeds":3,"minecraft:spruce_planks":43,"minecraft:stone_pickaxe":4,"minecraft:rabbit":1,"minecraft:birch_sapling":1,"minecraft:sugar_cane":17,"mmorpg:offhand/tome/iron":2,"minecraft:iron_sword":4,"minecraft:iron_boots":1,"minecraft:furnace":1,"minecraft:stick":6,"minecraft:sweet_berries":81,"minecraft:torch":14,"minecraft:spruce_sapling":5,"minecraft:cookie":1,"mmorpg:weapon/staff/wood":4,"minecraft:spruce_log":22,"enemyexpansion:meathead_helmet":1,"minecraft:spectral_arrow":2,"alexsmobs:animal_dictionary":1,"quark:ancient_tome":1,"minecraft:stone_sword":3,"minecraft:arrow":4,"minecraft:rotten_flesh":4,"minecraft:decorated_pot":1,"minecraft:bread":2,"minecraft:baked_potato":3,"minecraft:skeleton_skull":1,"minecraft:coal":103,"minecraft:cobblestone":49},"minecraft:custom":{"minecraft:blood":0,"minecraft:interact_with_furnace":2,"minecraft:mob_kills":17,"minecraft:dexterity":2,"minecraft:intelligence":1,"minecraft:move_speed":0,"minecraft:interact_with_crafting_table":17,"minecraft:open_barrel":14,"minecraft:leave_game":5,"minecraft:time_since_death":43232,"minecraft:climb_one_cm":5234,"minecraft:levels_gained":3,"minecraft:mana":82,"minecraft:time_since_rest":43273,"minecraft:magic_shield":4,"minecraft:sprint_one_cm":325984,"minecraft:damage_absorbed":1559,"minecraft:damage_taken":2736,"minecraft:walk_one_cm":272161,"minecraft:drop":35,"minecraft:damage_dealt":3742,"minecraft:health":95,"minecraft:player_kills":1,"minecraft:swim_one_cm":14064,"minecraft:fly_one_cm":318073,"minecraft:open_chest":9,"minecraft:crouch_one_cm":8029,"minecraft:play_time":75539,"minecraft:deaths":3,"minecraft:sneak_time":1591,"minecraft:walk_under_water_one_cm":3171,"minecraft:jump":1345,"minecraft:energy":90,"minecraft:walk_on_water_one_cm":11633,"minecraft:strength":1,"minecraft:total_world_time":75539,"minecraft:fall_one_cm":35560},"minecraft:killed":{"irons_spellbooks:summoned_zombie":2,"specialmobs:hungryzombie":1,"irons_spellbooks:necromancer":1,"enemyexpansion:direwolf":2,"specialmobs:skeleton":4,"enemyexpansion:meature":1,"specialmobs:zombie":2,"irons_spellbooks:summoned_skeleton":2,"specialmobs:spider":1,"enemyexpansion:wasp":1},"minecraft:dropped":{"minecraft:iron_sword":1,"minecraft:sweet_berries":10,"minecraft:wheat_seeds":2,"minecraft:baked_potato":1,"minecraft:stone_sword":3,"minecraft:crafting_table":3,"minecraft:birch_sapling":1,"minecraft:feather":3,"minecraft:iron_helmet":1,"minecraft:cobblestone":6,"minecraft:rotten_flesh":1,"minecraft:lantern":1,"alexsmobs:bear_fur":2,"minecraft:stick":1,"minecraft:dirt":2,"minecraft:flower_pot":1,"minecraft:skeleton_skull":1,"minecraft:torch":2,"minecraft:spruce_planks":27,"mmorpg:offhand/tome/iron":1,"minecraft:rabbit":1,"enemyexpansion:wasp_thorax":1,"minecraft:iron_leggings":1,"minecraft:stone_pickaxe":2,"minecraft:wooden_pickaxe":1,"minecraft:string":2,"minecraft:bone":1,"minecraft:egg":2}},"DataVersion":3465}