{"stats":{"minecraft:picked_up":{"minecraft:stick":3,"minecraft:sweet_berries":33,"minecraft:potato":48,"minecraft:spruce_sapling":5,"mmorpg:weapon/staff/wood":3,"minecraft:spruce_log":12,"minecraft:wither_skeleton_skull":1,"minecraft:dirt":1,"minecraft:rotten_flesh":1,"minecraft:cobblestone":4},"minecraft:crafted":{"minecraft:crafting_table":1,"minecraft:spruce_planks":48,"minecraft:stick":4,"minecraft:wooden_pickaxe":1,"minecraft:wooden_axe":1},"minecraft:killed_by":{"specialmobs:zombie":1,"enemyexpansion:huntsman":1},"minecraft:killed":{"specialmobs:zombie":2},"minecraft:mined":{"minecraft:large_fern":1,"minecraft:sweet_berry_bush":13,"minecraft:spruce_log":12,"minecraft:grass_block":1,"minecraft:tall_grass":1,"minecraft:spruce_leaves":11,"minecraft:wither_skeleton_skull":1,"minecraft:stone":4},"minecraft:used":{"minecraft:wooden_axe":3,"minecraft:wither_skeleton_skull":1,"minecraft:wooden_pickaxe":4,"minecraft:sweet_berries":4,"minecraft:crafting_table":1},"minecraft:custom":{"minecraft:time_since_rest":1678,"minecraft:blood":0,"minecraft:magic_shield":0,"minecraft:sprint_one_cm":72140,"minecraft:damage_absorbed":334,"minecraft:damage_taken":851,"minecraft:walk_one_cm":39876,"minecraft:mob_kills":2,"minecraft:dexterity":0,"minecraft:intelligence":0,"minecraft:damage_dealt":455,"minecraft:health":70,"minecraft:move_speed":0,"minecraft:interact_with_crafting_table":3,"minecraft:fly_one_cm":67758,"minecraft:open_barrel":8,"minecraft:crouch_one_cm":3245,"minecraft:play_time":11418,"minecraft:deaths":2,"minecraft:sneak_time":553,"minecraft:jump":225,"minecraft:energy":50,"minecraft:time_since_death":1650,"minecraft:strength":0,"minecraft:total_world_time":11418,"minecraft:climb_one_cm":1678,"minecraft:fall_one_cm":7069,"minecraft:mana":50}},"DataVersion":3465}