{"stats":{"minecraft:killed_by":{"duckensinvasion:archer_duck":1},"minecraft:mined":{"minecraft:tall_grass":1},"minecraft:custom":{"minecraft:time_since_rest":1180,"minecraft:blood":0,"minecraft:magic_shield":0,"minecraft:crouch_one_cm":190,"minecraft:sprint_one_cm":7309,"minecraft:damage_absorbed":110,"minecraft:play_time":1525,"minecraft:damage_taken":310,"minecraft:walk_one_cm":2763,"minecraft:deaths":1,"minecraft:sneak_time":9,"minecraft:dexterity":0,"minecraft:jump":39,"minecraft:intelligence":0,"minecraft:energy":50,"minecraft:health":70,"minecraft:time_since_death":756,"minecraft:move_speed":0,"minecraft:strength":0,"minecraft:total_world_time":1525,"minecraft:mana":50,"minecraft:fall_one_cm":2970,"minecraft:fly_one_cm":23296}},"DataVersion":3465}