{"stats":{"minecraft:crafted":{"minecraft:crafting_table":1,"minecraft:stick":4,"minecraft:wooden_pickaxe":1,"minecraft:gold_ingot":1,"minecraft:jungle_planks":16},"minecraft:used":{"minecraft:golden_boots":1,"minecraft:melon_slice":6,"minecraft:baked_potato":1,"minecraft:iron_sword":12,"minecraft:chainmail_helmet":1,"supplementaries:slingshot":2,"minecraft:golden_sword":1,"minecraft:crafting_table":1,"minecraft:chainmail_boots":1,"minecraft:chainmail_chestplate":2,"minecraft:golden_chestplate":1,"minecraft:chainmail_leggings":1},"minecraft:killed_by":{"duckensinvasion:archer_duck":1},"minecraft:mined":{"supplementaries:book_pile_horizontal":1,"minecraft:red_candle":1,"minecraft:brown_bed":1,"minecraft:grass":1,"minecraft:melon":2,"minecraft:vine":1,"minecraft:jungle_log":4,"minecraft:tall_grass":1,"minecraft:fern":1},"minecraft:dropped":{"mmorpg:gems/garnet/0":1,"minecraft:jungle_planks":7},"minecraft:killed":{"duckensinvasion:footsoldier_duck":1},"minecraft:custom":{"minecraft:time_since_rest":13180,"minecraft:waystone_activated":1,"minecraft:blood":0,"minecraft:magic_shield":0,"minecraft:walk_one_cm":68850,"minecraft:sprint_one_cm":98529,"minecraft:damage_taken":655,"minecraft:damage_absorbed":130,"minecraft:mob_kills":2,"minecraft:drop":2,"minecraft:dexterity":0,"minecraft:intelligence":0,"minecraft:damage_dealt":269,"minecraft:health":70,"minecraft:move_speed":0,"minecraft:interact_with_crafting_table":2,"minecraft:talked_to_villager":1,"minecraft:fly_one_cm":109913,"minecraft:open_barrel":14,"minecraft:open_chest":10,"minecraft:crouch_one_cm":699,"minecraft:play_time":13525,"minecraft:deaths":1,"minecraft:sneak_time":227,"minecraft:damage_dealt_resisted":43,"minecraft:jump":229,"minecraft:energy":50,"minecraft:time_since_death":12756,"minecraft:strength":0,"minecraft:total_world_time":13525,"minecraft:climb_one_cm":3348,"minecraft:fall_one_cm":9198,"minecraft:mana":50},"minecraft:picked_up":{"minecraft:jungle_log":4,"minecraft:brown_bed":1,"minecraft:jungle_planks":7,"minecraft:bow":7,"minecraft:writable_book":1,"minecraft:melon_slice":7}},"DataVersion":3465}