{"stats":{"minecraft:custom":{"minecraft:damage_absorbed":10,"minecraft:time_since_rest":10963,"minecraft:blood":0,"minecraft:crouch_one_cm":4352,"minecraft:magic_shield":0,"minecraft:play_time":10963,"minecraft:sprint_one_cm":40993,"minecraft:damage_taken":250,"minecraft:walk_one_cm":50854,"minecraft:sneak_time":481,"minecraft:walk_under_water_one_cm":40,"minecraft:dexterity":0,"minecraft:jump":335,"minecraft:intelligence":0,"minecraft:energy":50,"minecraft:walk_on_water_one_cm":388,"minecraft:health":70,"minecraft:move_speed":0,"minecraft:time_since_death":10963,"minecraft:strength":0,"minecraft:total_world_time":10963,"minecraft:swim_one_cm":7315,"minecraft:mana":50,"minecraft:interact_with_crafting_table":1,"minecraft:fall_one_cm":13281,"minecraft:fly_one_cm":63600},"minecraft:used":{"minecraft:wooden_axe":14,"minecraft:crafting_table":1,"minecraft:oak_sapling":1,"minecraft:oak_planks":43},"minecraft:mined":{"minecraft:grass":1,"minecraft:oak_log":17,"minecraft:birch_leaves":4,"minecraft:sugar_cane":2,"minecraft:oak_leaves":9,"minecraft:crafting_table":1},"minecraft:picked_up":{"minecraft:stick":1,"minecraft:crafting_table":1,"minecraft:oak_log":17,"minecraft:oak_sapling":1,"minecraft:sugar_cane":1},"minecraft:crafted":{"minecraft:oak_planks":68,"minecraft:crafting_table":1,"minecraft:stick":4,"minecraft:wooden_axe":1}},"DataVersion":3465}