{"stats":{"minecraft:killed_by":{"specialmobs:zombie":2,"specialmobs:skeleton":3,"iceandfire:ghost":1},"minecraft:used":{"specialmobs:drowningcreeper_spawn_egg":1,"specialmobs:splittingcreeper_spawn_egg":1,"minecraft:stone_sword":30,"iceandfire:silver_sword":92,"specialmobs:thiefenderman_spawn_egg":1,"minecraft:stone_pickaxe":2,"minecraft:oak_planks":20,"specialmobs:ghast_spawn_egg":1,"specialmobs:queenghast_spawn_egg":1,"minecraft:shield":9,"specialmobs:mirageenderman_spawn_egg":1,"specialmobs:spitfirewitherskeleton_spawn_egg":1,"minecraft:rotten_flesh":2,"minecraft:iron_chestplate":1,"minecraft:stick":1,"specialmobs:deathcreeper_spawn_egg":1,"minecraft:dirt":6,"specialmobs:creeper_spawn_egg":2,"minecraft:oak_slab":6,"minecraft:crafting_table":2,"specialmobs:strayskeleton_spawn_egg":1,"specialmobs:darkcreeper_spawn_egg":1,"specialmobs:drowned_spawn_egg":1,"minecraft:redstone_torch":7,"specialmobs:runicenderman_spawn_egg":1,"minecraft:grass_block":1,"minecraft:bread":18,"minecraft:iron_pickaxe":113,"minecraft:stone_axe":21,"specialmobs:webspider_spawn_egg":1,"specialmobs:bruteskeleton_spawn_egg":1,"minecraft:cobblestone":28,"specialmobs:jumpingcreeper_spawn_egg":1,"specialmobs:conflagrationblaze_spawn_egg":1,"minecraft:cooked_cod":1,"minecraft:furnace":2,"specialmobs:brutezombie_spawn_egg":1,"specialmobs:gravelcreeper_spawn_egg":2,"specialmobs:doomcreeper_spawn_egg":2,"tombstone:gift":2,"minecraft:gold_block":20,"minecraft:iron_leggings":1,"specialmobs:strawberryslime_spawn_egg":1,"specialmobs:babycavespider_spawn_egg":1,"specialmobs:zombifiedpiglin_spawn_egg":1},"minecraft:mined":{"create:zinc_ore":3,"minecraft:crafting_table":2,"minecraft:grass_block":1,"minecraft:cobblestone":1,"minecraft:spruce_leaves":1,"minecraft:sugar_cane":2,"minecraft:spawner":3,"minecraft:hay_block":20,"minecraft:purple_bed":2,"minecraft:dark_oak_slab":1,"minecraft:furnace":2,"minecraft:iron_ore":15,"minecraft:wither_rose":1,"supplementaries:stick":1,"minecraft:grass":1,"minecraft:oak_log":18,"minecraft:coal_ore":35,"minecraft:vine":1,"minecraft:tripwire_hook":1,"minecraft:stone":43,"minecraft:gold_ore":1,"minecraft:oak_leaves":6},"minecraft:crafted":{"minecraft:cooked_cod":1,"minecraft:oak_planks":64,"minecraft:cooked_porkchop":1,"minecraft:crafting_table":2,"minecraft:furnace":1,"minecraft:stone_axe":1,"minecraft:bread":15,"minecraft:air":0,"minecraft:iron_chestplate":1,"minecraft:shield":2,"minecraft:stick":8,"minecraft:iron_ingot":13,"minecraft:iron_pickaxe":1,"minecraft:stone_pickaxe":1,"minecraft:stone_sword":1,"minecraft:torch":16,"minecraft:wheat":45},"minecraft:custom":{"minecraft:interact_with_furnace":23,"minecraft:mob_kills":31,"minecraft:interact_with_crafting_table":20,"minecraft:open_barrel":18,"minecraft:eat_cake_slice":2,"minecraft:leave_game":2,"minecraft:time_since_death":1598,"minecraft:climb_one_cm":2232,"minecraft:time_since_rest":1341,"minecraft:sprint_one_cm":126402,"minecraft:damage_taken":3067,"minecraft:walk_one_cm":116146,"minecraft:damage_blocked_by_shield":570,"minecraft:trigger_trapped_chest":1,"minecraft:drop":18,"minecraft:damage_dealt":6882,"minecraft:swim_one_cm":15754,"minecraft:fly_one_cm":187074,"minecraft:open_chest":3,"minecraft:deaths":7,"minecraft:play_time":54555,"minecraft:crouch_one_cm":22520,"tombstone:undead_killed":20,"minecraft:sneak_time":5972,"minecraft:walk_under_water_one_cm":6679,"minecraft:jump":934,"minecraft:interact_with_blast_furnace":1,"minecraft:walk_on_water_one_cm":14684,"minecraft:total_world_time":54555,"minecraft:fall_one_cm":28344},"minecraft:picked_up":{"minecraft:crafting_table":2,"minecraft:feather":1,"iceandfire:witherbone":1,"minecraft:tripwire_hook":1,"minecraft:wooden_pickaxe":1,"minecraft:enchanted_book":1,"minecraft:wither_rose":1,"iceandfire:ectoplasm":1,"create:raw_zinc":2,"minecraft:oak_log":18,"minecraft:dirt":13,"minecraft:string":2,"tombstone:gift":1,"minecraft:bone":7,"minecraft:cyan_carpet":3,"minecraft:raw_gold":1,"minecraft:redstone_torch":1,"minecraft:sugar_cane":3,"minecraft:oak_planks":2,"minecraft:furnace":2,"minecraft:tipped_arrow":1,"minecraft:stick":3,"minecraft:raw_iron":15,"minecraft:porkchop":1,"minecraft:fire_charge":1,"tombstone:grave_dust":4,"minecraft:stone_sword":3,"minecraft:arrow":6,"minecraft:rotten_flesh":4,"minecraft:stone_axe":1,"minecraft:hay_block":20,"minecraft:painting":2,"minecraft:bread":8,"supplementaries:ash":1,"tombstone:magic_scroll":1,"minecraft:cod":2,"minecraft:coal":77,"minecraft:cobblestone":44},"minecraft:dropped":{"minecraft:enchanted_book":1,"minecraft:bread":12,"minecraft:stone_axe":1,"minecraft:stone_sword":3,"minecraft:cooked_porkchop":1,"tombstone:gift":1,"minecraft:iron_helmet":1,"minecraft:tipped_arrow":1,"minecraft:shield":1,"tombstone:magic_scroll":1,"minecraft:tripwire_hook":1},"minecraft:killed":{"specialmobs:strayskeleton":1,"graveyard:ghoul":3,"specialmobs:poisonskeleton":1,"enemyexpansion:sprinter":1,"specialmobs:watercavespider":1,"alexsmobs:seagull":1,"specialmobs:skeleton":3,"specialmobs:spitfirewitherskeleton":1,"rats:pied_piper":1,"iceandfire:ghost":2,"specialmobs:gatlingskeleton":1,"specialmobs:zombie":6,"enemyexpansion:botfly":3,"specialmobs:hungrydrowned":1,"specialmobs:spider":2}},"DataVersion":3465}