{"stats":{"minecraft:used":{"minecraft:flint_and_steel":2,"minecraft:obsidian":13},"minecraft:killed":{"minecraft:zombie":1},"minecraft:killed_by":{"grimoireofgaia:minotaurus":1},"minecraft:picked_up":{"minecraft:diamond_sword":2,"minecraft:oak_log":3,"minecraft:oak_sapling":1},"minecraft:mined":{"minecraft:grass":2,"minecraft:oak_log":3,"minecraft:tall_grass":3,"minecraft:oak_leaves":4},"minecraft:custom":{"minecraft:time_since_rest":13655,"minecraft:deaths":1,"minecraft:crouch_one_cm":626,"minecraft:play_time":17141,"minecraft:sprint_one_cm":10996,"minecraft:damage_taken":345,"tombstone:undead_killed":1,"minecraft:walk_one_cm":8498,"minecraft:sneak_time":1635,"minecraft:mob_kills":1,"minecraft:jump":116,"minecraft:damage_dealt":277,"minecraft:time_since_death":13818,"minecraft:walk_on_water_one_cm":11,"minecraft:total_world_time":17141,"minecraft:climb_one_cm":529,"minecraft:fall_one_cm":1283,"minecraft:fly_one_cm":436791}},"DataVersion":3465}