{"stats":{"minecraft:used":{"minecraft:stone_sword":61,"minecraft:wither_skeleton_skull":1,"minecraft:stone_pickaxe":55,"minecraft:baked_potato":2,"minecraft:oak_planks":16,"minecraft:wooden_pickaxe":10,"minecraft:iron_sword":11,"minecraft:sugar_cane":2,"minecraft:cookie":1,"minecraft:torch":4,"minecraft:crafting_table":4,"minecraft:wooden_axe":3,"minecraft:bread":2,"minecraft:stone_axe":12,"minecraft:cobblestone":3,"minecraft:sweet_berries":14,"quark:hollow_spruce_log":3},"minecraft:crafted":{"minecraft:oak_planks":16,"minecraft:crafting_table":2,"minecraft:spruce_planks":88,"minecraft:wooden_pickaxe":2,"minecraft:stone_axe":2,"minecraft:stick":16,"minecraft:stone_pickaxe":1,"minecraft:wooden_axe":1,"minecraft:stone_sword":2,"minecraft:torch":8},"minecraft:mined":{"minecraft:crafting_table":4,"minecraft:torch":1,"minecraft:grass_block":2,"minecraft:decorated_pot":1,"minecraft:tall_grass":1,"minecraft:copper_ore":5,"minecraft:spruce_leaves":19,"minecraft:sugar_cane":3,"minecraft:wall_torch":2,"minecraft:large_fern":2,"minecraft:furnace":1,"minecraft:sweet_berry_bush":22,"minecraft:spruce_log":24,"minecraft:birch_leaves":4,"minecraft:grass":3,"minecraft:coal_ore":34,"minecraft:lantern":1,"minecraft:flower_pot":1,"minecraft:wither_skeleton_skull":1,"minecraft:stone":24,"minecraft:oak_leaves":1,"minecraft:fern":2},"minecraft:killed_by":{"specialmobs:zombie":1,"specialmobs:hungryzombie":1,"enemyexpansion:huntsman":1},"minecraft:picked_up":{"minecraft:crafting_table":7,"minecraft:flower_pot":1,"quark:hollow_spruce_log":3,"minecraft:wooden_pickaxe":1,"enemyexpansion:wasp_thorax":1,"minecraft:potato":52,"minecraft:oak_log":4,"minecraft:wither_skeleton_skull":1,"minecraft:dirt":4,"minecraft:string":4,"minecraft:lantern":1,"minecraft:raw_copper":34,"minecraft:bone":2,"minecraft:bow":2,"minecraft:wheat_seeds":3,"minecraft:spruce_planks":7,"minecraft:stone_pickaxe":3,"minecraft:birch_sapling":1,"minecraft:sugar_cane":8,"mmorpg:offhand/tome/iron":2,"minecraft:iron_sword":3,"minecraft:iron_boots":1,"minecraft:furnace":1,"minecraft:stick":6,"minecraft:sweet_berries":57,"minecraft:torch":11,"minecraft:spruce_sapling":5,"minecraft:cookie":1,"mmorpg:weapon/staff/wood":4,"minecraft:spruce_log":22,"minecraft:spectral_arrow":2,"alexsmobs:animal_dictionary":1,"minecraft:stone_sword":2,"minecraft:arrow":3,"minecraft:rotten_flesh":2,"minecraft:decorated_pot":1,"minecraft:bread":2,"minecraft:baked_potato":3,"minecraft:coal":103,"minecraft:cobblestone":45},"minecraft:custom":{"minecraft:blood":0,"minecraft:interact_with_furnace":2,"minecraft:mob_kills":9,"minecraft:dexterity":2,"minecraft:intelligence":1,"minecraft:move_speed":0,"minecraft:interact_with_crafting_table":16,"minecraft:open_barrel":12,"minecraft:leave_game":4,"minecraft:time_since_death":30053,"minecraft:climb_one_cm":5082,"minecraft:levels_gained":3,"minecraft:mana":82,"minecraft:time_since_rest":30094,"minecraft:magic_shield":4,"minecraft:sprint_one_cm":226105,"minecraft:damage_absorbed":811,"minecraft:damage_taken":2122,"minecraft:walk_one_cm":232068,"minecraft:drop":19,"minecraft:damage_dealt":2290,"minecraft:health":95,"minecraft:player_kills":1,"minecraft:swim_one_cm":13585,"minecraft:fly_one_cm":206658,"minecraft:open_chest":7,"minecraft:crouch_one_cm":6187,"minecraft:play_time":62360,"minecraft:deaths":3,"minecraft:sneak_time":1129,"minecraft:walk_under_water_one_cm":2379,"minecraft:jump":941,"minecraft:energy":90,"minecraft:walk_on_water_one_cm":11297,"minecraft:strength":1,"minecraft:total_world_time":62360,"minecraft:fall_one_cm":23368},"minecraft:killed":{"specialmobs:hungryzombie":1,"enemyexpansion:direwolf":2,"specialmobs:skeleton":2,"specialmobs:zombie":2,"specialmobs:spider":1,"enemyexpansion:wasp":1},"minecraft:dropped":{"minecraft:sweet_berries":10,"minecraft:wheat_seeds":1,"minecraft:baked_potato":1,"minecraft:stone_sword":2,"minecraft:crafting_table":1,"minecraft:iron_helmet":1,"minecraft:cobblestone":6,"minecraft:rotten_flesh":1,"minecraft:stick":1,"minecraft:dirt":1,"minecraft:torch":2,"mmorpg:offhand/tome/iron":1,"enemyexpansion:wasp_thorax":1,"minecraft:stone_pickaxe":1,"minecraft:wooden_pickaxe":1,"minecraft:string":2,"minecraft:bone":1}},"DataVersion":3465}