{"stats":{"minecraft:mined":{"minecraft:grass":1,"minecraft:oak_log":2},"minecraft:used":{"specialmobs:bruteskeleton_spawn_egg":1,"specialmobs:runicenderman_spawn_egg":1,"specialmobs:deathcreeper_spawn_egg":1,"specialmobs:splittingcreeper_spawn_egg":1,"specialmobs:jumpingcreeper_spawn_egg":1,"specialmobs:conflagrationblaze_spawn_egg":1,"specialmobs:creeper_spawn_egg":2,"specialmobs:thiefenderman_spawn_egg":1,"specialmobs:strayskeleton_spawn_egg":1,"specialmobs:brutezombie_spawn_egg":1,"specialmobs:gravelcreeper_spawn_egg":2,"specialmobs:doomcreeper_spawn_egg":2,"specialmobs:ghast_spawn_egg":1,"specialmobs:queenghast_spawn_egg":1,"specialmobs:spitfirewitherskeleton_spawn_egg":1,"specialmobs:mirageenderman_spawn_egg":1,"specialmobs:darkcreeper_spawn_egg":1,"specialmobs:drowned_spawn_egg":1,"specialmobs:drowningcreeper_spawn_egg":1,"specialmobs:strawberryslime_spawn_egg":1,"specialmobs:webspider_spawn_egg":1,"specialmobs:babycavespider_spawn_egg":1,"specialmobs:zombifiedpiglin_spawn_egg":1},"minecraft:custom":{"minecraft:time_since_rest":6555,"minecraft:crouch_one_cm":42,"minecraft:sprint_one_cm":1118,"minecraft:play_time":6555,"tombstone:undead_killed":2,"minecraft:walk_one_cm":3808,"minecraft:sneak_time":84,"minecraft:mob_kills":2,"minecraft:jump":35,"minecraft:damage_dealt":270,"minecraft:leave_game":2,"minecraft:time_since_death":6555,"minecraft:total_world_time":6555,"minecraft:fall_one_cm":1103,"minecraft:fly_one_cm":16037},"minecraft:picked_up":{"minecraft:arrow":2,"minecraft:bone":3,"iceandfire:witherbone":1,"minecraft:fire_charge":1,"minecraft:oak_log":2,"supplementaries:ash":1},"minecraft:killed":{"specialmobs:strayskeleton":1,"specialmobs:spitfirewitherskeleton":1}},"DataVersion":3465}