{"stats":{"minecraft:killed_by":{"minecraft:player":1,"specialmobs:skeleton":3,"specialmobs:zombie":9,"iceandfire:ice_dragon":8,"iceandfire:ghost":1},"minecraft:used":{"specialmobs:drowningcreeper_spawn_egg":1,"minecraft:stone_sword":30,"iceandfire:silver_sword":286,"iceandfire:dragon_skull_ice":1,"minecraft:spruce_planks":29,"specialmobs:ghast_spawn_egg":1,"minecraft:shield":31,"minecraft:rotten_flesh":2,"minecraft:iron_chestplate":1,"minecraft:stick":1,"specialmobs:deathcreeper_spawn_egg":1,"minecraft:dirt":6,"specialmobs:strayskeleton_spawn_egg":1,"minecraft:carrot":2,"specialmobs:runicenderman_spawn_egg":1,"iceandfire:armor_white_boots":1,"minecraft:grass_block":1,"minecraft:dark_oak_slab":2,"specialmobs:webspider_spawn_egg":1,"specialmobs:bruteskeleton_spawn_egg":1,"specialmobs:jumpingcreeper_spawn_egg":1,"minecraft:furnace":2,"minecraft:cooked_cod":1,"specialmobs:gravelcreeper_spawn_egg":2,"minecraft:gold_block":20,"tombstone:gift":2,"specialmobs:strawberryslime_spawn_egg":1,"minecraft:iron_leggings":1,"specialmobs:splittingcreeper_spawn_egg":1,"rats:archeologist_hat":1,"specialmobs:thiefenderman_spawn_egg":1,"minecraft:oak_planks":31,"minecraft:stone_pickaxe":2,"minecraft:mangrove_planks":20,"specialmobs:queenghast_spawn_egg":1,"specialmobs:mirageenderman_spawn_egg":1,"specialmobs:spitfirewitherskeleton_spawn_egg":1,"specialmobs:creeper_spawn_egg":2,"minecraft:oak_slab":6,"minecraft:crafting_table":6,"minecraft:spruce_log":2,"specialmobs:darkcreeper_spawn_egg":1,"specialmobs:drowned_spawn_egg":1,"minecraft:redstone_torch":7,"tombstone:bag_of_seeds":4,"minecraft:cyan_bed":1,"minecraft:bread":20,"minecraft:iron_pickaxe":117,"minecraft:stone_axe":28,"minecraft:cobblestone":29,"specialmobs:conflagrationblaze_spawn_egg":1,"specialmobs:brutezombie_spawn_egg":1,"specialmobs:doomcreeper_spawn_egg":2,"minecraft:pumpkin_pie":8,"iceandfire:armor_white_chestplate":1,"specialmobs:babycavespider_spawn_egg":1,"specialmobs:zombifiedpiglin_spawn_egg":1},"minecraft:mined":{"minecraft:dark_oak_planks":1,"create:zinc_ore":3,"minecraft:red_nether_bricks":1,"minecraft:grass_block":1,"minecraft:spruce_leaves":3,"minecraft:spawner":3,"minecraft:large_fern":1,"minecraft:hay_block":20,"minecraft:furnace":2,"minecraft:iron_ore":15,"minecraft:dark_oak_stairs":1,"supplementaries:stick":1,"minecraft:vine":1,"minecraft:stone":43,"minecraft:mangrove_stairs":1,"iceandfire:dragon_ice_spikes":2,"minecraft:crafting_table":4,"minecraft:polished_diorite_slab":1,"minecraft:cobblestone":1,"minecraft:cyan_bed":1,"minecraft:sugar_cane":2,"minecraft:purple_bed":2,"minecraft:dark_oak_slab":1,"minecraft:wither_rose":1,"minecraft:grass":1,"minecraft:coal_ore":35,"minecraft:oak_log":18,"minecraft:gray_carpet":2,"minecraft:tripwire_hook":1,"minecraft:gold_ore":1,"minecraft:oak_leaves":6,"minecraft:fern":2},"minecraft:crafted":{"minecraft:oak_planks":64,"minecraft:furnace":1,"minecraft:stone_pickaxe":1,"minecraft:wheat":45,"minecraft:cooked_cod":1,"minecraft:cooked_porkchop":1,"minecraft:crafting_table":2,"minecraft:spruce_planks":44,"iceandfire:armor_white_boots":1,"minecraft:mangrove_planks":20,"minecraft:stone_axe":1,"minecraft:bread":15,"minecraft:air":0,"minecraft:iron_chestplate":1,"minecraft:shield":2,"minecraft:stick":8,"minecraft:iron_ingot":13,"minecraft:iron_pickaxe":1,"minecraft:stone_sword":1,"minecraft:torch":16},"minecraft:broken":{"minecraft:shield":1},"minecraft:custom":{"minecraft:mob_kills":63,"minecraft:interact_with_crafting_table":24,"minecraft:open_barrel":23,"minecraft:eat_cake_slice":4,"minecraft:leave_game":2,"minecraft:time_since_death":8379,"minecraft:climb_one_cm":2390,"minecraft:sprint_one_cm":191197,"minecraft:walk_one_cm":173140,"minecraft:damage_blocked_by_shield":1066,"minecraft:drop":39,"minecraft:play_noteblock":3,"minecraft:play_time":84555,"minecraft:deaths":23,"minecraft:sneak_time":10374,"minecraft:walk_under_water_one_cm":6679,"minecraft:jump":1574,"minecraft:interact_with_blast_furnace":1,"minecraft:walk_on_water_one_cm":15433,"minecraft:total_world_time":84555,"minecraft:interact_with_furnace":23,"minecraft:time_since_rest":7952,"minecraft:damage_taken":8198,"minecraft:trigger_trapped_chest":1,"minecraft:damage_dealt":18425,"minecraft:swim_one_cm":15754,"minecraft:fly_one_cm":309358,"minecraft:open_chest":7,"minecraft:crouch_one_cm":37083,"tombstone:undead_killed":50,"minecraft:fall_one_cm":47398},"minecraft:picked_up":{"minecraft:crafting_table":4,"iceandfire:witherbone":1,"minecraft:brown_mushroom":2,"minecraft:wooden_pickaxe":1,"minecraft:wither_rose":1,"minecraft:enchanted_book":1,"minecraft:string":2,"minecraft:red_nether_bricks":1,"minecraft:cyan_carpet":6,"minecraft:redstone_torch":1,"minecraft:sugar_cane":3,"iceandfire:ice_dragon_heart":1,"minecraft:furnace":2,"minecraft:tipped_arrow":1,"iceandfire:dragonbone":8,"minecraft:stick":13,"minecraft:raw_iron":15,"minecraft:stripped_mangrove_wood":5,"minecraft:bowl":1,"iceandfire:dragonscales_white":14,"minecraft:fire_charge":1,"minecraft:porkchop":1,"tombstone:grave_dust":11,"iceandfire:dragon_skull_ice":2,"minecraft:mangrove_stairs":1,"minecraft:stone_sword":3,"minecraft:arrow":8,"minecraft:rotten_flesh":10,"minecraft:beetroot_seeds":3,"minecraft:pumpkin_pie":3,"minecraft:hay_block":35,"tombstone:essence_of_undeath":2,"supplementaries:ash":1,"minecraft:cod":2,"minecraft:cobblestone":46,"minecraft:feather":1,"minecraft:tripwire_hook":1,"create:raw_zinc":2,"minecraft:oak_log":18,"iceandfire:ectoplasm":1,"minecraft:dirt":13,"tombstone:gift":1,"iceandfire:ice_dragon_blood":1,"minecraft:bone":8,"minecraft:gray_carpet":2,"mowziesmobs:foliaath_seed":3,"minecraft:wheat_seeds":4,"minecraft:raw_gold":1,"tombstone:bag_of_seeds":2,"minecraft:glass_bottle":1,"rats:archeologist_hat":1,"minecraft:oak_planks":4,"minecraft:dark_oak_slab":2,"minecraft:spruce_sapling":3,"minecraft:spruce_log":20,"minecraft:cyan_bed":1,"minecraft:stone_axe":1,"minecraft:painting":6,"minecraft:bread":8,"tombstone:magic_scroll":1,"minecraft:melon_seeds":2,"minecraft:coal":77},"minecraft:dropped":{"minecraft:enchanted_book":2,"minecraft:bread":12,"minecraft:brown_mushroom":4,"minecraft:wheat_seeds":3,"minecraft:glass_bottle":1,"minecraft:cooked_porkchop":1,"minecraft:iron_helmet":1,"minecraft:cobblestone":2,"minecraft:stick":5,"tombstone:magic_scroll":1,"minecraft:mangrove_stairs":1,"tombstone:grave_dust":7,"minecraft:tripwire_hook":1,"minecraft:cyan_carpet":3,"minecraft:stone_axe":1,"tombstone:familiar_stone":1,"minecraft:stone_sword":4,"minecraft:bowl":1,"tombstone:gift":1,"minecraft:oak_planks":2,"minecraft:torchflower_seeds":7,"minecraft:tipped_arrow":1,"minecraft:shield":1,"minecraft:iron_chestplate":1,"minecraft:beetroot_seeds":3,"minecraft:melon_seeds":2,"minecraft:painting":2,"minecraft:spruce_log":8,"minecraft:red_nether_bricks":1},"minecraft:killed":{"specialmobs:strayskeleton":1,"specialmobs:poisonskeleton":1,"alexsmobs:seagull":1,"specialmobs:spitfirewitherskeleton":1,"specialmobs:skeleton":4,"rats:pied_piper":1,"specialmobs:zombie":34,"specialmobs:plaguezombie":1,"graveyard:ghoul":3,"enemyexpansion:sprinter":1,"specialmobs:watercavespider":1,"boh:deer":1,"iceandfire:ghost":2,"specialmobs:gatlingskeleton":1,"enemyexpansion:botfly":3,"iceandfire:ice_dragon":1,"specialmobs:hungrydrowned":1,"specialmobs:spider":2}},"DataVersion":3465}