{"stats":{"minecraft:custom":{"minecraft:open_barrel":3,"minecraft:time_since_rest":6139,"minecraft:open_chest":2,"minecraft:crouch_one_cm":52,"minecraft:play_time":6139,"minecraft:sprint_one_cm":15846,"minecraft:damage_taken":250,"minecraft:walk_one_cm":1903,"minecraft:sneak_time":53,"minecraft:walk_under_water_one_cm":500,"minecraft:jump":144,"minecraft:leave_game":2,"minecraft:time_since_death":6139,"minecraft:walk_on_water_one_cm":579,"minecraft:total_world_time":6139,"minecraft:climb_one_cm":1603,"minecraft:swim_one_cm":7403,"minecraft:fall_one_cm":6652,"minecraft:fly_one_cm":26450},"minecraft:mined":{"minecraft:decorated_pot":1,"minecraft:birch_leaves":2,"minecraft:sugar_cane":4},"minecraft:used":{"minecraft:bread":3},"minecraft:picked_up":{"minecraft:decorated_pot":1,"minecraft:sugar_cane":8}},"DataVersion":3465}