{"stats":{"minecraft:custom":{"minecraft:time_since_rest":3,"minecraft:blood":0,"minecraft:magic_shield":0,"minecraft:sprint_one_cm":70645,"minecraft:walk_one_cm":88322,"minecraft:damage_taken":1420,"minecraft:damage_absorbed":50,"minecraft:mob_kills":4,"minecraft:drop":1,"minecraft:dexterity":11,"minecraft:intelligence":5,"minecraft:damage_dealt":710,"minecraft:health":145,"minecraft:move_speed":0,"minecraft:swim_one_cm":7315,"minecraft:interact_with_crafting_table":1,"minecraft:fly_one_cm":1051657,"minecraft:open_chest":1,"minecraft:crouch_one_cm":8448,"minecraft:play_time":34963,"minecraft:deaths":1,"minecraft:sneak_time":2413,"minecraft:walk_under_water_one_cm":40,"minecraft:damage_dealt_resisted":68,"minecraft:jump":580,"minecraft:energy":190,"minecraft:time_since_death":0,"minecraft:walk_on_water_one_cm":1320,"minecraft:strength":9,"minecraft:total_world_time":34963,"minecraft:levels_gained":4,"minecraft:fall_one_cm":13281,"minecraft:mana":130},"minecraft:used":{"minecraft:wooden_axe":14,"minecraft:wither_skeleton_skull":2,"minecraft:birch_leaves":7,"minecraft:oak_planks":43,"minecraft:diamond_sword":66,"minecraft:crafting_table":1,"minecraft:oak_sapling":1},"minecraft:dropped":{"minecraft:gravel":1},"minecraft:mined":{"minecraft:birch_leaves":4,"minecraft:crafting_table":1,"minecraft:grass":1,"minecraft:oak_log":17,"minecraft:sugar_cane":2,"minecraft:oak_leaves":9},"minecraft:picked_up":{"minecraft:stick":1,"minecraft:crafting_table":1,"minecraft:sand":2,"minecraft:oak_log":17,"minecraft:dirt":7,"iceandfire:cyclops_eye":1,"minecraft:oak_sapling":2,"mmorpg:offhand/tome/iron":1,"minecraft:sugar_cane":2,"minecraft:mutton":7,"minecraft:white_wool":5},"minecraft:killed_by":{"boh:sadako":1},"minecraft:crafted":{"minecraft:oak_planks":68,"minecraft:crafting_table":1,"minecraft:stick":4,"minecraft:wooden_axe":1}},"DataVersion":3465}