{"stats":{"minecraft:picked_up":{"minecraft:stick":8,"minecraft:spruce_log":39,"minecraft:mutton":1,"minecraft:white_wool":1,"minecraft:spruce_sapling":13},"minecraft:mined":{"minecraft:spruce_log":1,"immersive_weathering:spruce_leaf_pile":1,"immersive_weathering:icicle":2},"minecraft:killed":{"dannys_expansion:mundane_slime":1},"minecraft:used":{"minecraft:bread":3},"minecraft:custom":{"minecraft:jump":62,"minecraft:time_since_rest":12213,"minecraft:damage_dealt":5,"champions:champion_mobs_killed":1,"minecraft:sprint_one_cm":9038,"minecraft:leave_game":2,"minecraft:play_time":12213,"minecraft:damage_taken":242,"minecraft:time_since_death":12213,"minecraft:walk_one_cm":20610,"minecraft:total_world_time":12213,"minecraft:mob_kills":1,"minecraft:fall_one_cm":1045,"minecraft:fly_one_cm":12729}},"DataVersion":2975}