{"stats":{"minecraft:custom":{"minecraft:time_since_rest":18641,"minecraft:blood":0,"minecraft:magic_shield":0,"minecraft:sprint_one_cm":80599,"minecraft:walk_one_cm":146232,"minecraft:damage_taken":4266,"minecraft:damage_absorbed":1465,"tombstone:sneak_grave":4,"minecraft:mob_kills":11,"minecraft:drop":5,"minecraft:dexterity":11,"minecraft:intelligence":5,"minecraft:damage_dealt":2465,"minecraft:health":155,"minecraft:move_speed":0,"minecraft:swim_one_cm":7315,"minecraft:interact_with_crafting_table":1,"minecraft:fly_one_cm":1795381,"minecraft:open_chest":1,"minecraft:crouch_one_cm":25832,"minecraft:play_time":64963,"minecraft:deaths":6,"minecraft:sneak_time":6004,"minecraft:walk_under_water_one_cm":2823,"minecraft:damage_dealt_resisted":68,"minecraft:jump":763,"minecraft:energy":200,"minecraft:time_since_death":21040,"minecraft:walk_on_water_one_cm":3165,"minecraft:strength":9,"minecraft:total_world_time":64963,"minecraft:levels_gained":5,"minecraft:fall_one_cm":13612,"minecraft:mana":140},"minecraft:used":{"minecraft:wooden_axe":14,"minecraft:firework_rocket":63,"minecraft:wither_skeleton_skull":2,"minecraft:grass_block":56,"minecraft:birch_leaves":7,"tobacconistmod:hookah_block":1,"minecraft:oak_planks":43,"cfm:stripped_acacia_chair":1,"minecraft:iron_sword":1,"wom:ruine":16,"alexscaves:spawn_egg_raycat":1,"minecraft:oak_leaves":50,"minecraft:mossy_cobblestone":3,"minecraft:diamond_sword":66,"minecraft:dirt":12,"alexscaves:radrock_bricks":15,"minecraft:crafting_table":1,"minecraft:oak_sapling":1,"tombstone:gift":1},"minecraft:dropped":{"minecraft:gravel":1,"alexsmobs:maggot":1,"minecraft:mossy_cobblestone":1,"alexscaves:radrock_bricks":1,"wom:ruine":1},"minecraft:mined":{"minecraft:birch_leaves":4,"minecraft:crafting_table":1,"minecraft:grass":1,"minecraft:oak_log":17,"minecraft:sugar_cane":2,"minecraft:oak_leaves":9},"minecraft:picked_up":{"minecraft:charcoal":2,"minecraft:stick":1,"minecraft:crafting_table":1,"minecraft:andesite":3,"minecraft:wither_rose":4,"minecraft:sand":4,"minecraft:oak_log":17,"minecraft:dirt":32,"minecraft:bone":3,"iceandfire:cyclops_eye":1,"alexsmobs:maggot":1,"minecraft:birch_sapling":3,"minecraft:oak_sapling":3,"mmorpg:offhand/tome/iron":1,"minecraft:sugar_cane":2,"minecraft:mutton":7,"minecraft:coal":3,"minecraft:white_wool":5,"minecraft:cobblestone":1},"minecraft:killed_by":{"witherstormmod:wither_storm":3,"boh:sadako":2},"minecraft:crafted":{"minecraft:oak_planks":68,"minecraft:crafting_table":1,"minecraft:stick":4,"minecraft:wooden_axe":1},"minecraft:killed":{"alexsmobs:fly":1}},"DataVersion":3465}