{
  "iceandfire:iceandfire/root": {
    "criteria": {
      "tick": "2024-08-17 18:47:20 +0000"
    },
    "done": true
  },
  "takesapillage:root": {
    "criteria": {
      "always": "2024-08-17 18:47:20 +0000"
    },
    "done": true
  },
  "ratlantis:root": {
    "criteria": {
      "tick": "2024-08-17 18:47:20 +0000"
    },
    "done": true
  },
  "dungeons_arise:wda_root": {
    "criteria": {
      "WDA": "2024-08-17 18:47:20 +0000"
    },
    "done": true
  },
  "create:root": {
    "criteria": {
      "0": "2024-08-17 18:47:20 +0000"
    },
    "done": true
  },
  "mowziesmobs:root": {
    "criteria": {
      "custom_test_name": "2024-08-17 18:47:20 +0000"
    },
    "done": true
  },
  "betterdungeons:root": {
    "criteria": {
      "always": "2024-08-17 18:47:20 +0000"
    },
    "done": true
  },
  "realmrpg_quests:root": {
    "criteria": {
      "root_0": "2024-08-17 18:47:20 +0000"
    },
    "done": true
  },
  "rats:root": {
    "criteria": {
      "tick": "2024-08-17 18:47:20 +0000"
    },
    "done": true
  },
  "cataclysm:root": {
    "criteria": {
      "custom_test_name": "2024-08-17 18:47:20 +0000"
    },
    "done": true
  },
  "irons_spellbooks:grant_patchouli": {
    "criteria": {
      "tick": "2024-08-17 18:47:20 +0000"
    },
    "done": true
  },
  "incendium:technical/new_player": {
    "criteria": {
      "requirement": "2024-08-17 18:47:20 +0000"
    },
    "done": true
  },
  "integrated_villages:integrated_villages_root": {
    "criteria": {
      "always": "2024-08-17 18:47:20 +0000"
    },
    "done": true
  },
  "incendium:technical/scroll_of_returning": {
    "criteria": {
      "log_spam_fixer": "2024-08-17 18:47:21 +0000"
    },
    "done": false
  },
  "incendium:technical/using/ragnarok": {
    "criteria": {
      "log_spam_fixer": "2024-08-17 18:47:21 +0000"
    },
    "done": false
  },
  "incendium:technical/using/trailblazer": {
    "criteria": {
      "log_spam_fixer": "2024-08-17 18:47:21 +0000"
    },
    "done": false
  },
  "minecraft:adventure/adventuring_time": {
    "criteria": {
      "minecraft:taiga": "2024-08-17 18:47:21 +0000",
      "minecraft:river": "2024-08-17 18:56:28 +0000"
    },
    "done": false
  },
  "incendium:technical/using/shield": {
    "criteria": {
      "log_spam_fixer": "2024-08-17 18:47:21 +0000"
    },
    "done": false
  },
  "alexsmobs:alexsmobs/root": {
    "criteria": {
      "useitem": "2024-08-17 18:55:19 +0000"
    },
    "done": true
  },
  "minecraft:husbandry/root": {
    "criteria": {
      "consumed_item": "2024-08-17 18:55:19 +0000"
    },
    "done": true
  },
  "minecraft:story/mine_stone": {
    "criteria": {
      "get_stone": "2024-08-17 19:05:10 +0000"
    },
    "done": true
  },
  "minecraft:story/upgrade_tools": {
    "criteria": {
      "stone_pickaxe": "2024-08-17 19:06:11 +0000"
    },
    "done": true
  },
  "minecraft:adventure/root": {
    "criteria": {
      "killed_by_something": "2024-08-17 19:09:37 +0000",
      "killed_something": "2024-08-17 19:09:35 +0000"
    },
    "done": true
  },
  "minecraft:adventure/kill_all_mobs": {
    "criteria": {
      "minecraft:skeleton": "2024-08-17 19:09:35 +0000",
      "minecraft:spider": "2024-08-17 19:12:18 +0000",
      "minecraft:husk": "2024-08-17 19:17:22 +0000",
      "minecraft:stray": "2024-08-17 19:09:35 +0000",
      "minecraft:zombie": "2024-08-17 19:17:22 +0000"
    },
    "done": false
  },
  "minecraft:adventure/kill_a_mob": {
    "criteria": {
      "specialmobs:sniperskeleton": "2024-08-17 19:09:35 +0000",
      "specialmobs:spider": "2024-08-17 19:12:18 +0000",
      "minecraft:creeper": "2024-08-17 19:09:35 +0000",
      "specialmobs:zombie": "2024-08-17 19:17:22 +0000"
    },
    "done": false
  },
  "minecraft:husbandry/balanced_diet": {
    "criteria": {
      "sweet_berries": "2024-08-17 19:31:28 +0000",
      "baked_potato": "2024-08-17 19:16:35 +0000"
    },
    "done": false
  },
  "incendium:technical/sentrys_wrath": {
    "criteria": {
      "log_spam_fixer": "2024-08-17 19:36:10 +0000"
    },
    "done": false
  },
  "incendium:technical/inventory/sentrys_wrath": {
    "criteria": {
      "log_spam_fixer": "2024-08-17 19:36:10 +0000"
    },
    "done": false
  },
  "incendium:technical/multiplex_crossbow": {
    "criteria": {
      "log_spam_fixer": "2024-08-17 19:36:10 +0000"
    },
    "done": false
  },
  "minecraft:nether/get_wither_skull": {
    "criteria": {
      "wither_skull": "2024-08-17 19:26:17 +0000"
    },
    "done": true
  },
  "alexsmobs:alexsmobs/grizzly_bear": {
    "criteria": {
      "killed_by": "2024-08-17 19:30:30 +0000",
      "killed": "2024-08-17 19:33:46 +0000"
    },
    "done": false
  },
  "incendium:technical/feed_ghastling": {
    "criteria": {
      "log_spam_fixer": "2024-08-17 19:36:10 +0000"
    },
    "done": false
  },
  "incendium:technical/on_inventory_change": {
    "criteria": {
      "log_spam_fixer": "2024-08-17 19:36:10 +0000"
    },
    "done": false
  },
  "boh:grimm_start": {
    "criteria": {
      "grimm_start_0": "2024-08-17 19:35:31 +0000"
    },
    "done": true
  },
  "incendium:technical/on_hit": {
    "criteria": {
      "direct": "2024-08-17 19:36:22 +0000",
      "!bit13": "2024-08-17 19:36:22 +0000",
      "!bit14": "2024-08-17 19:36:22 +0000",
      "!bit11": "2024-08-17 19:36:22 +0000",
      "!bit12": "2024-08-17 19:36:22 +0000",
      "not_target": "2024-08-17 19:36:22 +0000",
      "!bit10": "2024-08-17 19:36:22 +0000",
      "!bit9": "2024-08-17 19:36:22 +0000",
      "!bit8": "2024-08-17 19:36:22 +0000",
      "!bit7": "2024-08-17 19:36:22 +0000",
      "!bit6": "2024-08-17 19:36:22 +0000",
      "!bit5": "2024-08-17 19:36:22 +0000",
      "!bit4": "2024-08-17 19:36:22 +0000",
      "!bit3": "2024-08-17 19:36:22 +0000",
      "!bit2": "2024-08-17 19:36:22 +0000",
      "!bit1": "2024-08-17 19:36:22 +0000",
      "!bit0": "2024-08-17 19:36:22 +0000"
    },
    "done": false
  },
  "incendium:technical/on_player_hurt": {
    "criteria": {
      "log_spam_fixer": "2024-08-17 19:36:10 +0000"
    },
    "done": false
  },
  "incendium:technical/firestorm": {
    "criteria": {
      "log_spam_fixer": "2024-08-17 19:36:10 +0000"
    },
    "done": false
  },
  "incendium:technical/holy_wrath": {
    "criteria": {
      "log_spam_fixer": "2024-08-17 19:36:10 +0000"
    },
    "done": false
  },
  "incendium:technical/on_block": {
    "criteria": {
      "log_spam_fixer": "2024-08-17 19:36:10 +0000"
    },
    "done": false
  },
  "incendium:technical/inventory/firestorm": {
    "criteria": {
      "log_spam_fixer": "2024-08-17 19:36:10 +0000"
    },
    "done": false
  },
  "incendium:technical/give_ghastling": {
    "criteria": {
      "log_spam_fixer": "2024-08-17 19:36:10 +0000"
    },
    "done": false
  },
  "incendium:technical/on_kill": {
    "criteria": {
      "log_spam_fixer": "2024-08-17 19:36:10 +0000"
    },
    "done": false
  },
  "DataVersion": 3465
}