{
  "iceandfire:iceandfire/root": {
    "criteria": {
      "tick": "2024-08-17 18:42:51 +0000"
    },
    "done": true
  },
  "takesapillage:root": {
    "criteria": {
      "always": "2024-08-17 18:42:51 +0000"
    },
    "done": true
  },
  "incendium:technical/scroll_of_returning": {
    "criteria": {
      "log_spam_fixer": "2024-08-17 18:42:52 +0000"
    },
    "done": false
  },
  "minecraft:story/obtain_armor": {
    "criteria": {
      "iron_boots": "2024-08-17 19:11:20 +0000"
    },
    "done": false
  },
  "ratlantis:root": {
    "criteria": {
      "tick": "2024-08-17 18:42:51 +0000"
    },
    "done": true
  },
  "incendium:technical/using/ragnarok": {
    "criteria": {
      "log_spam_fixer": "2024-08-17 18:42:52 +0000"
    },
    "done": false
  },
  "dungeons_arise:wda_root": {
    "criteria": {
      "WDA": "2024-08-17 18:42:51 +0000"
    },
    "done": true
  },
  "minecraft:nether/get_wither_skull": {
    "criteria": {
      "wither_skull": "2024-08-17 18:44:37 +0000"
    },
    "done": true
  },
  "minecraft:story/mine_stone": {
    "criteria": {
      "get_stone": "2024-08-17 18:48:36 +0000"
    },
    "done": true
  },
  "create:root": {
    "criteria": {
      "0": "2024-08-17 18:42:50 +0000"
    },
    "done": true
  },
  "minecraft:story/upgrade_tools": {
    "criteria": {
      "stone_pickaxe": "2024-08-17 19:01:13 +0000"
    },
    "done": true
  },
  "incendium:technical/using/trailblazer": {
    "criteria": {
      "log_spam_fixer": "2024-08-17 18:42:52 +0000"
    },
    "done": false
  },
  "minecraft:adventure/root": {
    "criteria": {
      "killed_by_something": "2024-08-17 18:50:38 +0000",
      "killed_something": "2024-08-17 18:51:07 +0000"
    },
    "done": true
  },
  "minecraft:adventure/kill_all_mobs": {
    "criteria": {
      "minecraft:husk": "2024-08-17 18:51:07 +0000",
      "minecraft:zombie": "2024-08-17 18:51:07 +0000"
    },
    "done": false
  },
  "mowziesmobs:root": {
    "criteria": {
      "custom_test_name": "2024-08-17 18:42:51 +0000"
    },
    "done": true
  },
  "betterdungeons:root": {
    "criteria": {
      "always": "2024-08-17 18:42:51 +0000"
    },
    "done": true
  },
  "minecraft:adventure/kill_a_mob": {
    "criteria": {
      "minecraft:creeper": "2024-08-17 18:51:07 +0000",
      "specialmobs:zombie": "2024-08-17 18:51:07 +0000",
      "specialmobs:hungryzombie": "2024-08-17 19:11:20 +0000"
    },
    "done": false
  },
  "minecraft:adventure/adventuring_time": {
    "criteria": {
      "minecraft:taiga": "2024-08-17 18:42:52 +0000",
      "minecraft:river": "2024-08-17 18:56:28 +0000"
    },
    "done": false
  },
  "realmrpg_quests:root": {
    "criteria": {
      "root_0": "2024-08-17 18:42:51 +0000"
    },
    "done": true
  },
  "minecraft:husbandry/balanced_diet": {
    "criteria": {
      "sweet_berries": "2024-08-17 18:47:54 +0000",
      "bread": "2024-08-17 19:07:43 +0000"
    },
    "done": false
  },
  "incendium:technical/using/shield": {
    "criteria": {
      "log_spam_fixer": "2024-08-17 18:42:52 +0000"
    },
    "done": false
  },
  "minecraft:husbandry/root": {
    "criteria": {
      "consumed_item": "2024-08-17 18:47:54 +0000"
    },
    "done": true
  },
  "rats:root": {
    "criteria": {
      "tick": "2024-08-17 18:42:51 +0000"
    },
    "done": true
  },
  "aquamirae:adventure/root": {
    "criteria": {
      "crafting_table": "2024-08-17 18:46:01 +0000"
    },
    "done": true
  },
  "cataclysm:root": {
    "criteria": {
      "custom_test_name": "2024-08-17 18:42:51 +0000"
    },
    "done": true
  },
  "irons_spellbooks:grant_patchouli": {
    "criteria": {
      "tick": "2024-08-17 18:42:51 +0000"
    },
    "done": true
  },
  "minecraft:story/root": {
    "criteria": {
      "crafting_table": "2024-08-17 18:46:01 +0000"
    },
    "done": true
  },
  "incendium:technical/new_player": {
    "criteria": {
      "requirement": "2024-08-17 18:42:51 +0000"
    },
    "done": true
  },
  "integrated_villages:integrated_villages_root": {
    "criteria": {
      "always": "2024-08-17 18:42:51 +0000"
    },
    "done": true
  },
  "DataVersion": 3465
}