{
  "iceandfire:iceandfire/root": {
    "criteria": {
      "tick": "2024-08-16 22:20:19 +0000"
    },
    "done": true
  },
  "takesapillage:root": {
    "criteria": {
      "always": "2024-08-16 22:20:19 +0000"
    },
    "done": true
  },
  "incendium:technical/scroll_of_returning": {
    "criteria": {
      "log_spam_fixer": "2024-08-16 22:20:21 +0000"
    },
    "done": false
  },
  "minecraft:story/obtain_armor": {
    "criteria": {
      "iron_boots": "2024-08-16 22:24:33 +0000",
      "iron_chestplate": "2024-08-16 22:24:49 +0000",
      "iron_helmet": "2024-08-16 22:27:54 +0000"
    },
    "done": false
  },
  "ratlantis:root": {
    "criteria": {
      "tick": "2024-08-16 22:20:19 +0000"
    },
    "done": true
  },
  "create:andesite_alloy": {
    "criteria": {
      "0": "2024-08-16 22:28:06 +0000"
    },
    "done": true
  },
  "incendium:technical/using/ragnarok": {
    "criteria": {
      "log_spam_fixer": "2024-08-16 22:20:21 +0000"
    },
    "done": false
  },
  "dungeons_arise:wda_root": {
    "criteria": {
      "WDA": "2024-08-16 22:20:19 +0000"
    },
    "done": true
  },
  "create:root": {
    "criteria": {
      "0": "2024-08-16 22:20:19 +0000"
    },
    "done": true
  },
  "duckensinvasion:first_blood": {
    "criteria": {
      "first_blood_0": "2024-08-16 22:30:13 +0000"
    },
    "done": true
  },
  "incendium:technical/using/trailblazer": {
    "criteria": {
      "log_spam_fixer": "2024-08-16 22:20:21 +0000"
    },
    "done": false
  },
  "minecraft:adventure/root": {
    "criteria": {
      "killed_by_something": "2024-08-16 22:20:38 +0000",
      "killed_something": "2024-08-16 22:22:06 +0000"
    },
    "done": true
  },
  "mowziesmobs:root": {
    "criteria": {
      "custom_test_name": "2024-08-16 22:20:19 +0000"
    },
    "done": true
  },
  "betterdungeons:root": {
    "criteria": {
      "always": "2024-08-16 22:20:19 +0000"
    },
    "done": true
  },
  "minecraft:adventure/kill_a_mob": {
    "criteria": {
      "specialmobs:zombie": "2024-08-16 22:22:06 +0000"
    },
    "done": false
  },
  "minecraft:adventure/adventuring_time": {
    "criteria": {
      "minecraft:bamboo_jungle": "2024-08-16 22:23:17 +0000",
      "minecraft:beach": "2024-08-16 22:23:02 +0000",
      "minecraft:sparse_jungle": "2024-08-16 22:22:27 +0000",
      "minecraft:lukewarm_ocean": "2024-08-16 22:26:00 +0000",
      "minecraft:plains": "2024-08-16 22:20:21 +0000"
    },
    "done": false
  },
  "realmrpg_quests:root": {
    "criteria": {
      "root_0": "2024-08-16 22:20:19 +0000"
    },
    "done": true
  },
  "minecraft:husbandry/balanced_diet": {
    "criteria": {
      "baked_potato": "2024-08-16 22:30:24 +0000",
      "melon_slice": "2024-08-16 22:25:27 +0000"
    },
    "done": false
  },
  "incendium:technical/using/shield": {
    "criteria": {
      "log_spam_fixer": "2024-08-16 22:20:21 +0000"
    },
    "done": false
  },
  "minecraft:husbandry/root": {
    "criteria": {
      "consumed_item": "2024-08-16 22:25:27 +0000"
    },
    "done": true
  },
  "rats:root": {
    "criteria": {
      "tick": "2024-08-16 22:20:19 +0000"
    },
    "done": true
  },
  "aquamirae:adventure/root": {
    "criteria": {
      "crafting_table": "2024-08-16 22:30:36 +0000"
    },
    "done": true
  },
  "cataclysm:root": {
    "criteria": {
      "custom_test_name": "2024-08-16 22:20:19 +0000"
    },
    "done": true
  },
  "irons_spellbooks:grant_patchouli": {
    "criteria": {
      "tick": "2024-08-16 22:20:19 +0000"
    },
    "done": true
  },
  "minecraft:story/root": {
    "criteria": {
      "crafting_table": "2024-08-16 22:30:36 +0000"
    },
    "done": true
  },
  "integrated_villages:pirate_village": {
    "criteria": {
      "in_pirate_village": "2024-08-16 22:23:17 +0000"
    },
    "done": true
  },
  "incendium:technical/new_player": {
    "criteria": {
      "requirement": "2024-08-16 22:20:19 +0000"
    },
    "done": true
  },
  "integrated_villages:integrated_villages_root": {
    "criteria": {
      "always": "2024-08-16 22:20:19 +0000"
    },
    "done": true
  },
  "DataVersion": 3465
}