{
  "iceandfire:iceandfire/root": {
    "criteria": {
      "tick": "2024-08-19 13:36:12 +0000"
    },
    "done": true
  },
  "takesapillage:root": {
    "criteria": {
      "always": "2024-08-19 13:36:12 +0000"
    },
    "done": true
  },
  "ratlantis:root": {
    "criteria": {
      "tick": "2024-08-19 13:36:12 +0000"
    },
    "done": true
  },
  "dungeons_arise:wda_root": {
    "criteria": {
      "WDA": "2024-08-19 13:36:12 +0000"
    },
    "done": true
  },
  "create:root": {
    "criteria": {
      "0": "2024-08-19 13:36:12 +0000"
    },
    "done": true
  },
  "mowziesmobs:root": {
    "criteria": {
      "custom_test_name": "2024-08-19 13:36:12 +0000"
    },
    "done": true
  },
  "betterdungeons:root": {
    "criteria": {
      "always": "2024-08-19 13:36:12 +0000"
    },
    "done": true
  },
  "realmrpg_quests:root": {
    "criteria": {
      "root_0": "2024-08-19 13:36:12 +0000"
    },
    "done": true
  },
  "rats:root": {
    "criteria": {
      "tick": "2024-08-19 13:36:12 +0000"
    },
    "done": true
  },
  "cataclysm:root": {
    "criteria": {
      "custom_test_name": "2024-08-19 13:36:12 +0000"
    },
    "done": true
  },
  "irons_spellbooks:grant_patchouli": {
    "criteria": {
      "tick": "2024-08-19 13:36:12 +0000"
    },
    "done": true
  },
  "incendium:technical/new_player": {
    "criteria": {
      "requirement": "2024-08-19 13:36:12 +0000"
    },
    "done": true
  },
  "integrated_villages:integrated_villages_root": {
    "criteria": {
      "always": "2024-08-19 13:36:12 +0000"
    },
    "done": true
  },
  "deeperdarker:main/root": {
    "criteria": {
      "deep_dark": "2024-08-19 14:07:19 +0000"
    },
    "done": true
  },
  "incendium:technical/scroll_of_returning": {
    "criteria": {
      "log_spam_fixer": "2024-08-19 13:58:34 +0000"
    },
    "done": false
  },
  "graveyard:graveyard/crypt": {
    "criteria": {
      "crypt": "2024-08-19 14:06:42 +0000"
    },
    "done": true
  },
  "incendium:technical/using/ragnarok": {
    "criteria": {
      "log_spam_fixer": "2024-08-19 13:58:34 +0000"
    },
    "done": false
  },
  "dungeons_arise:find_greenwood_pub": {
    "criteria": {
      "location0": "2024-08-19 14:03:33 +0000"
    },
    "done": true
  },
  "sculkhorde:sculk_tomb_visit": {
    "criteria": {
      "requirement": "2024-08-19 14:06:49 +0000"
    },
    "done": true
  },
  "betterdungeons:all_dungeons": {
    "criteria": {
      "in_better_spider_dungeon": "2024-08-19 14:05:56 +0000"
    },
    "done": false
  },
  "incendium:technical/using/trailblazer": {
    "criteria": {
      "log_spam_fixer": "2024-08-19 13:58:34 +0000"
    },
    "done": false
  },
  "dragonfinder:dragonfinder/dragon_eye": {
    "criteria": {
      "bestiary": "2024-08-19 14:05:04 +0000"
    },
    "done": true
  },
  "minecraft:adventure/adventuring_time": {
    "criteria": {
      "minecraft:snowy_slopes": "2024-08-19 14:09:57 +0000",
      "quark:glimmering_weald": "2024-08-19 14:06:47 +0000",
      "minecraft:birch_forest": "2024-08-19 14:02:00 +0000",
      "minecraft:dark_forest": "2024-08-19 14:09:19 +0000",
      "minecraft:river": "2024-08-19 14:03:20 +0000",
      "minecraft:dripstone_caves": "2024-08-19 14:05:49 +0000",
      "minecraft:grove": "2024-08-19 14:07:18 +0000",
      "minecraft:jagged_peaks": "2024-08-19 14:07:20 +0000",
      "minecraft:forest": "2024-08-19 13:59:29 +0000",
      "minecraft:old_growth_birch_forest": "2024-08-19 14:09:37 +0000",
      "minecraft:deep_dark": "2024-08-19 14:07:19 +0000",
      "minecraft:meadow": "2024-08-19 13:58:34 +0000",
      "minecraft:savanna": "2024-08-19 14:03:22 +0000",
      "minecraft:plains": "2024-08-19 14:03:21 +0000"
    },
    "done": false
  },
  "incendium:technical/using/shield": {
    "criteria": {
      "log_spam_fixer": "2024-08-19 13:58:34 +0000"
    },
    "done": false
  },
  "betterdungeons:spider_dungeon": {
    "criteria": {
      "in_better_spider_dungeon": "2024-08-19 14:05:56 +0000"
    },
    "done": true
  },
  "aquamirae:adventure/root": {
    "criteria": {
      "crafting_table": "2024-08-19 14:00:55 +0000"
    },
    "done": true
  },
  "tombstone:adventure/root": {
    "criteria": {
      "auto": "2024-08-19 13:58:34 +0000"
    },
    "done": true
  },
  "minecraft:story/root": {
    "criteria": {
      "crafting_table": "2024-08-19 14:00:55 +0000"
    },
    "done": true
  },
  "DataVersion": 3465
}